DICO,NUTSI_DSG,NUTSI_COD,NUTSII_DSG,NUTSII_COD,NUTSIII_DSG,NUTSIII_COD,DISTRITO_ILHA_DSG,CONCELHO_DSG,AREA_2019_ha,AREA_2019_km2,PERIM_km,ALTITUDE_MAX_m,ALTITUDE_MIN_m,municipality_norm,region_norm_x,district_norm_x,MunicipalityCode,location_context,block_key,avg_rent_m2,district_norm_y,region_norm_y,avg_str_density,population_density,avg_price,count_listings
101,CONTINENTE,1,CENTRO,16,REGIÃO DE AVEIRO,16D,AVEIRO,ÁGUEDA,33527.44,335.27,105,762,4,agueda,regiao de aveiro,aveiro,0101,agueda aveiro,ague,5.09,aveiro,regiao de aveiro,95.71666666666665,140.8,175253.04632152588,367.0
102,CONTINENTE,1,CENTRO,16,REGIÃO DE AVEIRO,16D,AVEIRO,ALBERGARIA-A-VELHA,15882.5,158.82,82,425,0,albergaria-a-velha,regiao de aveiro,aveiro,0102,albergaria-a-velha aveiro,albe,5.0,aveiro,regiao de aveiro,73.81428571428572,162.3,187757.5706214689,177.0
103,CONTINENTE,1,CENTRO,16,REGIÃO DE AVEIRO,16D,AVEIRO,ANADIA,21663.48,216.63,75,525,13,anadia,regiao de aveiro,aveiro,0103,anadia aveiro,anad,4.51,aveiro,regiao de aveiro,83.33636363636364,130.2,168769.92091836734,392.0
104,CONTINENTE,1,NORTE,11,ÁREA METROPOLITANA DO PORTO,11A,AVEIRO,AROUCA,32910.52,329.11,118,1222,50,arouca,area metropolitana do porto,aveiro,0104,arouca aveiro,arou,4.59,aveiro,area metropolitana do porto,48.758823529411764,63.6,226243.75,80.0
105,CONTINENTE,1,CENTRO,16,REGIÃO DE AVEIRO,16D,AVEIRO,AVEIRO,19757.57,197.58,77,78,0,aveiro,regiao de aveiro,aveiro,0105,aveiro aveiro,avei,7.61,aveiro,regiao de aveiro,292.8545454545455,435.5,316395.5130687319,1033.0
106,CONTINENTE,1,NORTE,11,TÂMEGA E SOUSA,11C,AVEIRO,CASTELO DE PAIVA,11500.53,115.01,61,694,25,castelo de paiva,tamega e sousa,aveiro,0106,castelo de paiva aveiro,cast,3.62,aveiro,tamega e sousa,106.07142857142857,134.3,183610.83333333334,120.0
107,CONTINENTE,1,NORTE,11,ÁREA METROPOLITANA DO PORTO,11A,AVEIRO,ESPINHO,2105.68,21.06,24,100,0,espinho,area metropolitana do porto,aveiro,0107,espinho aveiro,espi,6.92,aveiro,area metropolitana do porto,1164.16,1538.1,278671.05263157893,361.0
108,CONTINENTE,1,CENTRO,16,REGIÃO DE AVEIRO,16D,AVEIRO,ESTARREJA,10817.33,108.17,68,130,0,estarreja,regiao de aveiro,aveiro,0108,estarreja aveiro,esta,4.81,aveiro,regiao de aveiro,119.09999999999998,250.5,198725.81699346405,153.0
109,CONTINENTE,1,NORTE,11,ÁREA METROPOLITANA DO PORTO,11A,AVEIRO,SANTA MARIA DA FEIRA,21587.65,215.88,88,450,25,santa maria da feira,area metropolitana do porto,aveiro,0109,santa maria da feira aveiro,sant,5.08,aveiro,area metropolitana do porto,372.97272727272724,647.8,250645.83726415093,848.0
110,CONTINENTE,1,CENTRO,16,REGIÃO DE AVEIRO,16D,AVEIRO,ÍLHAVO,7347.55,73.48,41,61,0,ilhavo,regiao de aveiro,aveiro,0110,ilhavo aveiro,ilha,6.8,aveiro,regiao de aveiro,313.2,573.3,266178.4946236559,372.0
111,CONTINENTE,1,CENTRO,16,REGIÃO DE COIMBRA,16E,AVEIRO,MEALHADA,11065.66,110.66,65,568,25,mealhada,regiao de coimbra,aveiro,0111,mealhada aveiro,meal,4.25,aveiro,regiao de coimbra,95.74285714285715,178.8,170959.1463414634,164.0
112,CONTINENTE,1,CENTRO,16,REGIÃO DE AVEIRO,16D,AVEIRO,MURTOSA,7308.78,73.09,47,17,0,murtosa,regiao de aveiro,aveiro,0112,murtosa aveiro,murt,5.12,aveiro,regiao de aveiro,161.98,151.0,201850.0,66.0
113,CONTINENTE,1,NORTE,11,ÁREA METROPOLITANA DO PORTO,11A,AVEIRO,OLIVEIRA DE AZEMÉIS,16110.41,161.1,86,645,25,oliveira de azemeis,area metropolitana do porto,aveiro,0113,oliveira de azemeis aveiro,oliv,4.35,aveiro,area metropolitana do porto,203.7076923076923,417.6,185079.18781725888,394.0
114,CONTINENTE,1,CENTRO,16,REGIÃO DE AVEIRO,16D,AVEIRO,OLIVEIRA DO BAIRRO,8731.99,87.32,52,78,5,oliveira do bairro,regiao de aveiro,aveiro,0114,oliveira do bairro aveiro,oliv,4.77,aveiro,regiao de aveiro,131.92000000000002,286.9,205840.8173076923,208.0
115,CONTINENTE,1,CENTRO,16,REGIÃO DE AVEIRO,16D,AVEIRO,OVAR,14770.25,147.7,71,225,0,ovar,regiao de aveiro,aveiro,0115,ovar aveiro,ovar,5.76,aveiro,regiao de aveiro,248.71666666666667,384.1,207416.33109619687,447.0
116,CONTINENTE,1,NORTE,11,ÁREA METROPOLITANA DO PORTO,11A,AVEIRO,SÃO JOÃO DA MADEIRA,794.3,7.94,13,276,150,sao joao da madeira,area metropolitana do porto,aveiro,0116,sao joao da madeira aveiro,sao ,5.26,aveiro,area metropolitana do porto,1336.1,3005.4,223972.98,200.0
117,CONTINENTE,1,CENTRO,16,REGIÃO DE AVEIRO,16D,AVEIRO,SEVER DO VOUGA,12987.56,129.88,68,841,25,sever do vouga,regiao de aveiro,aveiro,0117,sever do vouga aveiro,seve,3.37,aveiro,regiao de aveiro,60.9375,84.3,151985.57692307694,52.0
118,CONTINENTE,1,CENTRO,16,REGIÃO DE AVEIRO,16D,AVEIRO,VAGOS,16491.5,164.92,60,68,0,vagos,regiao de aveiro,aveiro,0118,vagos aveiro,vago,5.21,aveiro,regiao de aveiro,79.38888888888889,148.3,266225.1141552511,219.0
119,CONTINENTE,1,NORTE,11,ÁREA METROPOLITANA DO PORTO,11A,AVEIRO,VALE DE CAMBRA,14733.47,147.33,69,1046,75,vale de cambra,area metropolitana do porto,aveiro,0119,vale de cambra aveiro,vale,5.0,aveiro,area metropolitana do porto,93.175,144.2,149563.19018404908,163.0
201,CONTINENTE,1,ALENTEJO,18,BAIXO ALENTEJO,184,BEJA,ALJUSTREL,45847.41,458.47,112,258,63,aljustrel,baixo alentejo,beja,0201,aljustrel beja,alju,7.055,beja,baixo alentejo,13.3,19.5,135668.085106383,47.0
202,CONTINENTE,1,ALENTEJO,18,BAIXO ALENTEJO,184,BEJA,ALMODÔVAR,77788.03,777.88,199,577,150,almodovar,baixo alentejo,beja,0202,almodovar beja,almo,5.139166666666667,beja,baixo alentejo,8.428571428571429,8.6,306611.1111111111,18.0
203,CONTINENTE,1,ALENTEJO,18,BAIXO ALENTEJO,184,BEJA,ALVITO,26485.32,264.85,81,315,100,alvito,baixo alentejo,beja,0203,alvito beja,alvi,5.139166666666667,beja,baixo alentejo,6.633333333333333,8.6,263900.0,20.0
204,CONTINENTE,1,ALENTEJO,18,BAIXO ALENTEJO,184,BEJA,BARRANCOS,16841.73,168.42,106,412,125,barrancos,baixo alentejo,beja,0204,barrancos beja,barr,5.139166666666667,beja,baixo alentejo,7.6,8.5,111333.33333333333,3.0
205,CONTINENTE,1,ALENTEJO,18,BAIXO ALENTEJO,184,BEJA,BEJA,114647.55,1146.48,208,284,25,beja,baixo alentejo,beja,0205,beja beja,beja,5.69,beja,baixo alentejo,41.29230769230769,29.5,161643.7984496124,129.0
206,CONTINENTE,1,ALENTEJO,18,BAIXO ALENTEJO,184,BEJA,CASTRO VERDE,56944.23,569.44,163,288,125,castro verde,baixo alentejo,beja,0206,castro verde beja,cast,5.0,beja,baixo alentejo,7.94,12.2,169622.22222222222,18.0
207,CONTINENTE,1,ALENTEJO,18,BAIXO ALENTEJO,184,BEJA,CUBA,17208.72,172.09,80,309,150,cuba,baixo alentejo,beja,0207,cuba beja,cuba,5.139166666666667,beja,baixo alentejo,16.36,26.0,148692.1739130435,23.0
208,CONTINENTE,1,ALENTEJO,18,BAIXO ALENTEJO,184,BEJA,FERREIRA DO ALENTEJO,64820.68,648.21,137,277,24,ferreira do alentejo,baixo alentejo,beja,0208,ferreira do alentejo beja,ferr,3.91,beja,baixo alentejo,7.58,12.2,266147.0588235294,34.0
209,CONTINENTE,1,ALENTEJO,18,BAIXO ALENTEJO,184,BEJA,MÉRTOLA,129287.34,1292.87,266,371,25,mertola,baixo alentejo,beja,0209,mertola beja,mert,5.139166666666667,beja,baixo alentejo,8.0625,4.7,124278.57142857143,14.0
210,CONTINENTE,1,ALENTEJO,18,BAIXO ALENTEJO,184,BEJA,MOURA,95845.55,958.46,220,584,75,moura,baixo alentejo,beja,0210,moura beja,mour,4.06,beja,baixo alentejo,10.516666666666666,13.9,147524.4,125.0
211,CONTINENTE,1,ALENTEJO,18,ALENTEJO LITORAL,181,BEJA,ODEMIRA,172060.15,1720.6,291,515,0,odemira,alentejo litoral,beja,0211,odemira beja,odem,5.12,beja,alentejo litoral,15.064285714285713,19.3,238773.5368956743,393.0
212,CONTINENTE,1,ALENTEJO,18,BAIXO ALENTEJO,184,BEJA,OURIQUE,66331.36,663.31,225,377,65,ourique,baixo alentejo,beja,0212,ourique beja,ouri,5.139166666666667,beja,baixo alentejo,6.779999999999999,7.3,222637.78125,64.0
213,CONTINENTE,1,ALENTEJO,18,BAIXO ALENTEJO,184,BEJA,SERPA,110563.34,1105.63,179,523,25,serpa,baixo alentejo,beja,0213,serpa beja,serp,5.139166666666667,beja,baixo alentejo,9.75,12.4,258712.7659574468,47.0
214,CONTINENTE,1,ALENTEJO,18,BAIXO ALENTEJO,184,BEJA,VIDIGUEIRA,31661.09,316.61,125,412,75,vidigueira,baixo alentejo,beja,0214,vidigueira beja,vidi,5.139166666666667,beja,baixo alentejo,21.6,16.5,179247.0588235294,51.0
301,CONTINENTE,1,NORTE,11,CÁVADO,112,BRAGA,AMARES,8195.41,81.95,53,901,24,amares,cavado,braga,0301,amares braga,amar,4.13,braga,cavado,134.68235294117648,238.9,221930.46153846153,494.0
302,CONTINENTE,1,NORTE,11,CÁVADO,112,BRAGA,BARCELOS,37890.14,378.9,109,488,9,barcelos,cavado,braga,0302,barcelos braga,barc,4.76,braga,cavado,159.05161290322582,308.8,224343.10344827586,609.0
303,CONTINENTE,1,NORTE,11,CÁVADO,112,BRAGA,BRAGA,18339.95,183.4,67,572,22,braga,cavado,braga,0303,braga braga,brag,10.190000000000001,braga,cavado,616.478947368421,1099.1,277926.9706632653,2352.0
304,CONTINENTE,1,NORTE,11,AVE,119,BRAGA,CABECEIRAS DE BASTO,24182.16,241.82,82,1200,150,cabeceiras de basto,ave,braga,0304,cabeceiras de basto braga,cabe,3.1,braga,ave,49.0923076923077,64.3,207657.03056768558,229.0
305,CONTINENTE,1,NORTE,11,TÂMEGA E SOUSA,11C,BRAGA,CELORICO DE BASTO,18107.02,181.07,71,851,75,celorico de basto,tamega e sousa,braga,0305,celorico de basto braga,celo,3.38,braga,tamega e sousa,58.71875,97.5,176541.8393939394,330.0
306,CONTINENTE,1,NORTE,11,CÁVADO,112,BRAGA,ESPOSENDE,9540.98,95.41,56,281,0,esposende,cavado,braga,0306,esposende braga,espo,6.75,braga,cavado,195.2,389.2,301482.5714285714,175.0
307,CONTINENTE,1,NORTE,11,AVE,119,BRAGA,FAFE,21908.11,219.08,77,894,175,fafe,ave,braga,0307,fafe braga,fafe,3.62,braga,ave,159.6846153846154,221.4,212379.6183074266,579.0
308,CONTINENTE,1,NORTE,11,AVE,119,BRAGA,GUIMARÃES,24099.96,241.0,115,613,83,guimaraes,ave,braga,0308,guimaraes braga,guim,4.95,braga,ave,391.6408163265306,650.6,225723.6625441696,1698.0
309,CONTINENTE,1,NORTE,11,AVE,119,BRAGA,PÓVOA DE LANHOSO,13465.29,134.65,75,743,50,povoa de lanhoso,ave,braga,0309,povoa de lanhoso braga,povo,3.81,braga,ave,102.57391304347826,167.9,186702.408,500.0
310,CONTINENTE,1,NORTE,11,CÁVADO,112,BRAGA,TERRAS DE BOURO,27746.07,277.46,92,1525,75,terras de bouro,cavado,braga,0310,terras de bouro braga,terr,5.356923076923077,braga,cavado,38.26,23.0,206661.92893401015,197.0
311,CONTINENTE,1,NORTE,11,AVE,119,BRAGA,VIEIRA DO MINHO,21644.35,216.44,83,1262,75,vieira do minho,ave,braga,0311,vieira do minho braga,viei,3.91,braga,ave,47.04117647058824,55.7,168557.27272727274,330.0
312,CONTINENTE,1,NORTE,11,AVE,119,BRAGA,VILA NOVA DE FAMALICÃO,20159.26,201.59,81,462,25,vila nova de famalicao,ave,braga,0312,vila nova de famalicao braga,vila,7.935,braga,ave,325.6142857142857,674.6,229174.57534246575,1022.0
313,CONTINENTE,1,NORTE,11,CÁVADO,112,BRAGA,VILA VERDE,22866.52,228.67,81,789,21,vila verde,cavado,braga,0313,vila verde braga,vila,5.92,braga,cavado,131.91176470588235,210.6,235568.58830146233,889.0
314,CONTINENTE,1,NORTE,11,AVE,119,BRAGA,VIZELA,2469.83,24.7,34,478,125,vizela,ave,braga,0314,vizela braga,vize,7.1850000000000005,braga,ave,363.95,993.1,243160.5617977528,89.0
401,CONTINENTE,1,NORTE,11,TERRAS DE TRÁS-OS-MONTES,11E,BRAGANÇA,ALFÂNDEGA DA FÉ,32194.64,321.95,93,1199,150,alfandega da fe,terras de tras-os-montes,braganca,0401,alfandega da fe braganca,alfa,5.597142857142857,braganca,terras de tras-os-montes,11.807692307692308,13.1,181687.5,16.0
402,CONTINENTE,1,NORTE,11,TERRAS DE TRÁS-OS-MONTES,11E,BRAGANÇA,BRAGANÇA,117357.27,1173.57,199,1489,325,braganca,terras de tras-os-montes,braganca,0402,braganca braganca,brag,3.19,braganca,terras de tras-os-montes,22.95,30.2,172651.76589595375,346.0
403,CONTINENTE,1,NORTE,11,DOURO,11D,BRAGANÇA,CARRAZEDA DE ANSIÃES,27924.09,279.24,88,898,75,carrazeda de ansiaes,douro,braganca,0403,carrazeda de ansiaes braganca,carr,5.597142857142857,braganca,douro,23.313333333333333,19.3,78478.26086956522,23.0
404,CONTINENTE,1,NORTE,11,DOURO,11D,BRAGANÇA,FREIXO DE ESPADA À CINTA,24414.29,244.14,101,885,124,freixo de espada a cinta,douro,braganca,0404,freixo de espada a cinta braganca,frei,5.597142857142857,braganca,douro,12.059999999999999,12.9,302916.6666666667,12.0
405,CONTINENTE,1,NORTE,11,TERRAS DE TRÁS-OS-MONTES,11E,BRAGANÇA,MACEDO DE CAVALEIROS,69914.08,699.14,175,1263,225,macedo de cavaleiros,terras de tras-os-montes,braganca,0405,macedo de cavaleiros braganca,mace,2.94,braganca,terras de tras-os-montes,22.161290322580644,20.4,155941.39784946237,186.0
406,CONTINENTE,1,NORTE,11,TERRAS DE TRÁS-OS-MONTES,11E,BRAGANÇA,MIRANDA DO DOURO,48718.31,487.18,146,911,400,miranda do douro,terras de tras-os-montes,braganca,0406,miranda do douro braganca,mira,5.597142857142857,braganca,terras de tras-os-montes,11.614285714285714,12.9,109269.23076923077,39.0
407,CONTINENTE,1,NORTE,11,TERRAS DE TRÁS-OS-MONTES,11E,BRAGANÇA,MIRANDELA,65895.67,658.96,149,941,175,mirandela,terras de tras-os-montes,braganca,0407,mirandela braganca,mira,5.325,braganca,terras de tras-os-montes,20.783870967741933,32.5,191346.7105263158,76.0
408,CONTINENTE,1,NORTE,11,TERRAS DE TRÁS-OS-MONTES,11E,BRAGANÇA,MOGADOURO,76064.93,760.65,174,997,150,mogadouro,terras de tras-os-montes,braganca,0408,mogadouro braganca,moga,5.21,braganca,terras de tras-os-montes,8.386363636363637,10.8,162953.48837209304,43.0
409,CONTINENTE,1,NORTE,11,DOURO,11D,BRAGANÇA,TORRE DE MONCORVO,53155.67,531.56,148,920,100,torre de moncorvo,douro,braganca,0409,torre de moncorvo braganca,torr,9.56,braganca,douro,15.214285714285714,12.7,152500.0,67.0
410,CONTINENTE,1,NORTE,11,TERRAS DE TRÁS-OS-MONTES,11E,BRAGANÇA,VILA FLOR,26581.14,265.81,92,837,123,vila flor,terras de tras-os-montes,braganca,0410,vila flor braganca,vila,5.215,braganca,terras de tras-os-montes,19.4,22.7,249857.14285714287,21.0
411,CONTINENTE,1,NORTE,11,TERRAS DE TRÁS-OS-MONTES,11E,BRAGANÇA,VIMIOSO,48158.51,481.59,130,955,250,vimioso,terras de tras-os-montes,braganca,0411,vimioso braganca,vimi,5.597142857142857,braganca,terras de tras-os-montes,11.018181818181818,8.7,124666.66666666667,27.0
412,CONTINENTE,1,NORTE,11,TERRAS DE TRÁS-OS-MONTES,11E,BRAGANÇA,VINHAIS,69475.09,694.75,158,1273,275,vinhais,terras de tras-os-montes,braganca,0412,vinhais braganca,vinh,7.74,braganca,terras de tras-os-montes,10.962962962962964,10.7,107209.6551724138,29.0
501,CONTINENTE,1,CENTRO,16,BEIRAS E SERRA DA ESTRELA,16J,CASTELO BRANCO,BELMONTE,11875.91,118.76,59,890,446,belmonte,beiras e serra da estrela,castelo branco,0501,belmonte castelo branco,belm,6.66,castelo branco,beiras e serra da estrela,38.98,52.3,137452.33576642335,137.0
502,CONTINENTE,1,CENTRO,16,BEIRA BAIXA,16H,CASTELO BRANCO,CASTELO BRANCO,143819.15,1438.19,256,1227,121,castelo branco,beira baixa,castelo branco,0502,castelo branco castelo branco,cast,4.0,castelo branco,beira baixa,28.04,36.8,164192.59259259258,324.0
503,CONTINENTE,1,CENTRO,16,BEIRAS E SERRA DA ESTRELA,16J,CASTELO BRANCO,COVILHÃ,55560.06,555.6,139,1993,375,covilha,beiras e serra da estrela,castelo branco,0503,covilha castelo branco,covi,4.43,castelo branco,beiras e serra da estrela,75.32727272727273,83.5,174273.40206185568,970.0
504,CONTINENTE,1,CENTRO,16,BEIRAS E SERRA DA ESTRELA,16J,CASTELO BRANCO,FUNDÃO,70019.79,700.2,193,1227,275,fundao,beiras e serra da estrela,castelo branco,0504,fundao castelo branco,fund,4.14,castelo branco,beiras e serra da estrela,33.1,38.5,142916.23622047243,381.0
505,CONTINENTE,1,CENTRO,16,BEIRA BAIXA,16H,CASTELO BRANCO,IDANHA-A-NOVA,141633.51,1416.34,212,828,125,idanha-a-nova,beira baixa,castelo branco,0505,idanha-a-nova castelo branco,idan,8.248750000000001,castelo branco,beira baixa,11.792857142857143,6.0,127995.44915254238,118.0
506,CONTINENTE,1,CENTRO,16,BEIRA BAIXA,16H,CASTELO BRANCO,OLEIROS,47109.31,471.09,148,1085,250,oleiros,beira baixa,castelo branco,0506,oleiros castelo branco,olei,11.32,castelo branco,beira baixa,10.372727272727273,10.4,164473.15789473685,19.0
507,CONTINENTE,1,CENTRO,16,BEIRA BAIXA,16H,CASTELO BRANCO,PENAMACOR,56370.69,563.71,164,1076,300,penamacor,beira baixa,castelo branco,0507,penamacor castelo branco,pena,15.19,castelo branco,beira baixa,30.139999999999997,8.5,97337.94039735099,151.0
508,CONTINENTE,1,CENTRO,16,BEIRA BAIXA,16H,CASTELO BRANCO,PROENÇA-A-NOVA,39539.96,395.4,146,954,114,proenca-a-nova,beira baixa,castelo branco,0508,proenca-a-nova castelo branco,proe,16.32,castelo branco,beira baixa,16.240000000000002,17.9,150301.96078431373,51.0
509,CONTINENTE,1,CENTRO,16,MÉDIO TEJO,16I,CASTELO BRANCO,SERTÃ,44673.17,446.73,126,1084,125,serta,medio tejo,castelo branco,0509,serta castelo branco,sert,3.93,castelo branco,medio tejo,28.236363636363638,33.4,146273.1543624161,149.0
510,CONTINENTE,1,CENTRO,16,MÉDIO TEJO,16I,CASTELO BRANCO,VILA DE REI,19154.6,191.55,74,594,125,vila de rei,medio tejo,castelo branco,0510,vila de rei castelo branco,vila,8.248750000000001,castelo branco,medio tejo,15.75,18.0,149900.0,42.0
511,CONTINENTE,1,CENTRO,16,BEIRA BAIXA,16H,CASTELO BRANCO,VILA VELHA DE RÓDÃO,32991.16,329.91,115,570,50,vila velha de rodao,beira baixa,castelo branco,0511,vila velha de rodao castelo branco,vila,8.248750000000001,castelo branco,beira baixa,10.66,10.7,95710.0,50.0
601,CONTINENTE,1,CENTRO,16,REGIÃO DE COIMBRA,16E,COIMBRA,ARGANIL,33283.93,332.84,148,1418,75,arganil,regiao de coimbra,coimbra,0601,arganil coimbra,arga,8.1475,coimbra,regiao de coimbra,33.373333333333335,34.0,160981.25,80.0
602,CONTINENTE,1,CENTRO,16,REGIÃO DE COIMBRA,16E,COIMBRA,CANTANHEDE,39088.02,390.88,132,137,0,cantanhede,regiao de coimbra,coimbra,0602,cantanhede coimbra,cant,9.280000000000001,coimbra,regiao de coimbra,54.25333333333333,89.3,176745.57777777777,360.0
603,CONTINENTE,1,CENTRO,16,REGIÃO DE COIMBRA,16E,COIMBRA,COIMBRA,31939.94,319.4,137,500,9,coimbra,regiao de coimbra,coimbra,0603,coimbra coimbra,coim,7.4399999999999995,coimbra,regiao de coimbra,283.3157894736842,453.4,236080.3026755853,1794.0
604,CONTINENTE,1,CENTRO,16,REGIÃO DE COIMBRA,16E,COIMBRA,CONDEIXA-A-NOVA,13867.47,138.67,73,466,12,condeixa-a-nova,regiao de coimbra,coimbra,0604,condeixa-a-nova coimbra,cond,5.27,coimbra,regiao de coimbra,56.3625,126.6,208743.29004329004,231.0
605,CONTINENTE,1,CENTRO,16,REGIÃO DE COIMBRA,16E,COIMBRA,FIGUEIRA DA FOZ,37905.26,379.05,107,257,0,figueira da foz,regiao de coimbra,coimbra,0605,figueira da foz coimbra,figu,6.61,coimbra,regiao de coimbra,185.66,160.1,205802.46141215105,1218.0
606,CONTINENTE,1,CENTRO,16,REGIÃO DE COIMBRA,16E,COIMBRA,GÓIS,26330.19,263.3,111,1204,150,gois,regiao de coimbra,coimbra,0606,gois coimbra,gois,6.830535714285714,coimbra,regiao de coimbra,22.18,14.4,138078.57142857142,42.0
607,CONTINENTE,1,CENTRO,16,REGIÃO DE COIMBRA,16E,COIMBRA,LOUSÃ,13840.01,138.4,56,1205,75,lousa,regiao de coimbra,coimbra,0607,lousa coimbra,lous,8.72,coimbra,regiao de coimbra,66.02000000000001,125.9,168759.9641577061,279.0
608,CONTINENTE,1,CENTRO,16,REGIÃO DE COIMBRA,16E,COIMBRA,MIRA,12403.38,124.03,49,64,0,mira,regiao de coimbra,coimbra,0608,mira coimbra,mira,8.715,coimbra,regiao de coimbra,74.64,101.0,202227.6397515528,161.0
609,CONTINENTE,1,CENTRO,16,REGIÃO DE COIMBRA,16E,COIMBRA,MIRANDA DO CORVO,12637.79,126.38,73,940,50,miranda do corvo,regiao de coimbra,coimbra,0609,miranda do corvo coimbra,mira,6.0600000000000005,coimbra,regiao de coimbra,51.52,95.9,176114.51612903227,124.0
610,CONTINENTE,1,CENTRO,16,REGIÃO DE COIMBRA,16E,COIMBRA,MONTEMOR-O-VELHO,22896.23,228.96,99,127,2,montemor-o-velho,regiao de coimbra,coimbra,0610,montemor-o-velho coimbra,mont,10.155,coimbra,regiao de coimbra,65.43333333333334,108.7,140315.53784860557,251.0
611,CONTINENTE,1,CENTRO,16,REGIÃO DE COIMBRA,16E,COIMBRA,OLIVEIRA DO HOSPITAL,23451.66,234.52,102,1244,150,oliveira do hospital,regiao de coimbra,coimbra,0611,oliveira do hospital coimbra,oliv,8.98,coimbra,regiao de coimbra,65.11176470588236,83.0,158094.79768786128,173.0
612,CONTINENTE,1,CENTRO,16,REGIÃO DE COIMBRA,16E,COIMBRA,PAMPILHOSA DA SERRA,39646.24,396.46,169,1418,300,pampilhosa da serra,regiao de coimbra,coimbra,0612,pampilhosa da serra coimbra,pamp,6.830535714285714,coimbra,regiao de coimbra,15.188888888888888,10.4,195791.66666666666,24.0
613,CONTINENTE,1,CENTRO,16,REGIÃO DE COIMBRA,16E,COIMBRA,PENACOVA,21673.23,216.73,87,550,36,penacova,regiao de coimbra,coimbra,0613,penacova coimbra,pena,3.52,coimbra,regiao de coimbra,37.87777777777777,59.6,152777.27272727274,88.0
614,CONTINENTE,1,CENTRO,16,REGIÃO DE COIMBRA,16E,COIMBRA,PENELA,13480.0,134.8,92,873,150,penela,regiao de coimbra,coimbra,0614,penela coimbra,pene,6.830535714285714,coimbra,regiao de coimbra,30.2,41.6,146788.57142857142,70.0
615,CONTINENTE,1,CENTRO,16,REGIÃO DE COIMBRA,16E,COIMBRA,SOURE,26506.07,265.06,116,532,6,soure,regiao de coimbra,coimbra,0615,soure coimbra,sour,3.8,coimbra,regiao de coimbra,54.48181818181818,65.0,138126.25688073394,218.0
616,CONTINENTE,1,CENTRO,16,REGIÃO DE COIMBRA,16E,COIMBRA,TÁBUA,19978.58,199.79,83,518,143,tabua,regiao de coimbra,coimbra,0616,tabua coimbra,tabu,3.4,coimbra,regiao de coimbra,41.96666666666667,58.1,163107.9365079365,63.0
617,CONTINENTE,1,CENTRO,16,REGIÃO DE COIMBRA,16E,COIMBRA,VILA NOVA DE POIARES,8445.3,84.45,52,458,42,vila nova de poiares,regiao de coimbra,coimbra,0617,vila nova de poiares coimbra,vila,5.529999999999999,coimbra,regiao de coimbra,46.8,84.5,154189.45454545456,99.0
701,CONTINENTE,1,ALENTEJO,18,ALENTEJO CENTRAL,187,ÉVORA,ALANDROAL,54267.81,542.68,167,416,111,alandroal,alentejo central,evora,0701,alandroal evora,alan,5.287727272727273,evora,alentejo central,8.68,9.2,142166.66666666666,69.0
702,CONTINENTE,1,ALENTEJO,18,ALENTEJO CENTRAL,187,ÉVORA,ARRAIOLOS,68374.55,683.75,177,412,150,arraiolos,alentejo central,evora,0702,arraiolos evora,arra,6.6499999999999995,evora,alentejo central,7.183333333333334,9.9,189446.2162162162,111.0
703,CONTINENTE,1,ALENTEJO,18,ALENTEJO CENTRAL,187,ÉVORA,BORBA,14518.65,145.19,86,550,250,borba,alentejo central,evora,0703,borba evora,borb,2.77,evora,alentejo central,563.88,44.1,185293.75,80.0
704,CONTINENTE,1,ALENTEJO,18,ALENTEJO CENTRAL,187,ÉVORA,ESTREMOZ,51379.95,513.8,187,653,205,estremoz,alentejo central,evora,0704,estremoz evora,estr,3.55,evora,alentejo central,20.04,24.4,172156.61676646708,167.0
705,CONTINENTE,1,ALENTEJO,18,ALENTEJO CENTRAL,187,ÉVORA,ÉVORA,130707.58,1307.08,300,441,150,evora,alentejo central,evora,0705,evora evora,evor,5.99,evora,alentejo central,326.80000000000007,41.3,280426.02040816325,441.0
706,CONTINENTE,1,ALENTEJO,18,ALENTEJO CENTRAL,187,ÉVORA,MONTEMOR-O-NOVO,123296.65,1232.97,278,424,25,montemor-o-novo,alentejo central,evora,0706,montemor-o-novo evora,mont,5.365,evora,alentejo central,7.5,12.9,221407.75,200.0
707,CONTINENTE,1,ALENTEJO,18,ALENTEJO CENTRAL,187,ÉVORA,MORA,44395.02,443.95,143,206,38,mora,alentejo central,evora,0707,mora evora,mora,9.32,evora,alentejo central,10.3,9.4,201695.7627118644,59.0
708,CONTINENTE,1,ALENTEJO,18,ALENTEJO CENTRAL,187,ÉVORA,MOURÃO,27862.98,278.63,123,286,100,mourao,alentejo central,evora,0708,mourao evora,mour,5.92,evora,alentejo central,6.55,8.7,155339.0243902439,41.0
709,CONTINENTE,1,ALENTEJO,18,ALENTEJO CENTRAL,187,ÉVORA,PORTEL,60100.57,601.01,141,424,100,portel,alentejo central,evora,0709,portel evora,port,5.287727272727273,evora,alentejo central,7.514285714285714,9.5,178331.94444444444,54.0
710,CONTINENTE,1,ALENTEJO,18,ALENTEJO CENTRAL,187,ÉVORA,REDONDO,36950.87,369.51,127,653,187,redondo,alentejo central,evora,0710,redondo evora,redo,6.23,evora,alentejo central,13.433333333333332,17.0,260991.07142857142,56.0
711,CONTINENTE,1,ALENTEJO,18,ALENTEJO CENTRAL,187,ÉVORA,REGUENGOS DE MONSARAZ,46399.72,464.0,114,363,100,reguengos de monsaraz,alentejo central,evora,0711,reguengos de monsaraz evora,regu,4.16,evora,alentejo central,15.36,21.3,226667.98245614034,228.0
712,CONTINENTE,1,ALENTEJO,18,ALENTEJO CENTRAL,187,ÉVORA,VENDAS NOVAS,22238.88,222.39,89,190,25,vendas novas,alentejo central,evora,0712,vendas novas evora,vend,4.63,evora,alentejo central,24.26666666666667,51.9,202986.4516129032,155.0
713,CONTINENTE,1,ALENTEJO,18,ALENTEJO CENTRAL,187,ÉVORA,VIANA DO ALENTEJO,39367.29,393.67,130,374,72,viana do alentejo,alentejo central,evora,0713,viana do alentejo evora,vian,5.287727272727273,evora,alentejo central,11.45,14.1,171672.72727272726,99.0
714,CONTINENTE,1,ALENTEJO,18,ALENTEJO CENTRAL,187,ÉVORA,VILA VIÇOSA,19485.89,194.86,114,475,165,vila vicosa,alentejo central,evora,0714,vila vicosa evora,vila,3.58,evora,alentejo central,32.7,37.5,150515.5172413793,58.0
801,CONTINENTE,1,ALGARVE,15,ALGARVE,150,FARO,ALBUFEIRA,14066.42,140.66,82,227,0,albufeira,algarve,faro,0801,albufeira faro,albu,9.06,faro,algarve,315.96,337.9,304344.5,620.0
802,CONTINENTE,1,ALGARVE,15,ALGARVE,150,FARO,ALCOUTIM,57536.33,575.36,170,379,25,alcoutim,algarve,faro,0802,alcoutim faro,alco,7.21,faro,algarve,6.0200000000000005,4.2,168350.0,66.0
803,CONTINENTE,1,ALGARVE,15,ALGARVE,150,FARO,ALJEZUR,32349.95,323.5,147,370,0,aljezur,algarve,faro,0803,aljezur faro,alje,7.125,faro,algarve,19.380000000000003,19.7,284142.8125,80.0
804,CONTINENTE,1,ALGARVE,15,ALGARVE,150,FARO,CASTRO MARIM,30084.37,300.84,102,276,0,castro marim,algarve,faro,0804,castro marim faro,cast,7.805,faro,algarve,84.58,22.7,291932.0987654321,162.0
805,CONTINENTE,1,ALGARVE,15,ALGARVE,150,FARO,FARO,20256.79,202.57,98,410,0,faro,algarve,faro,0805,faro faro,faro,7.25,faro,algarve,182.72,342.9,348874.1180564784,602.0
806,CONTINENTE,1,ALGARVE,15,ALGARVE,150,FARO,LAGOA,8825.45,88.25,58,103,0,lagoa,algarve,faro,0806,lagoa faro,lago,7.35,faro,algarve,264.82,282.4,354819.2803030303,264.0
807,CONTINENTE,1,ALGARVE,15,ALGARVE,150,FARO,LAGOS,21299.27,212.99,88,255,0,lagos,algarve,faro,0807,lagos faro,lago,8.87,faro,algarve,220.28000000000003,162.2,417356.6176470588,340.0
808,CONTINENTE,1,ALGARVE,15,ALGARVE,150,FARO,LOULÉ,76366.91,763.67,209,589,0,loule,algarve,faro,0808,loule faro,loul,9.42,faro,algarve,152.54000000000002,97.4,347594.2895805142,739.0
809,CONTINENTE,1,ALGARVE,15,ALGARVE,150,FARO,MONCHIQUE,39530.43,395.3,142,902,25,monchique,algarve,faro,0809,monchique faro,monc,4.29,faro,algarve,10.975000000000001,13.5,239437.5,56.0
810,CONTINENTE,1,ALGARVE,15,ALGARVE,150,FARO,OLHÃO,13086.38,130.86,60,410,0,olhao,algarve,faro,0810,olhao faro,olha,6.85,faro,algarve,292.1,344.2,311223.3058823529,374.0
811,CONTINENTE,1,ALGARVE,15,ALGARVE,150,FARO,PORTIMÃO,18206.29,182.06,83,325,0,portimao,algarve,faro,0811,portimao faro,port,8.780000000000001,faro,algarve,327.975,346.5,330460.50436300173,1146.0
812,CONTINENTE,1,ALGARVE,15,ALGARVE,150,FARO,SÃO BRÁS DE ALPORTEL,15336.92,153.37,87,530,125,sao bras de alportel,algarve,faro,0812,sao bras de alportel faro,sao ,8.885,faro,algarve,44.9,75.7,309868.0,75.0
813,CONTINENTE,1,ALGARVE,15,ALGARVE,150,FARO,SILVES,68006.23,680.06,167,426,0,silves,algarve,faro,0813,silves faro,silv,7.21,faro,algarve,250.87142857142857,58.1,269061.3777973568,454.0
814,CONTINENTE,1,ALGARVE,15,ALGARVE,150,FARO,TAVIRA,60696.7,606.97,161,541,0,tavira,algarve,faro,0814,tavira faro,tavi,9.675,faro,algarve,76.04285714285713,45.9,340171.74097664544,471.0
815,CONTINENTE,1,ALGARVE,15,ALGARVE,150,FARO,VILA DO BISPO,17906.06,179.06,97,156,0,vila do bispo,algarve,faro,0815,vila do bispo faro,vila,6.88,faro,algarve,37.739999999999995,33.1,309817.0731707317,123.0
816,CONTINENTE,1,ALGARVE,15,ALGARVE,150,FARO,VILA REAL DE SANTO ANTÓNIO,6125.0,61.25,61,225,0,vila real de santo antonio,algarve,faro,0816,vila real de santo antonio faro,vila,8.63,faro,algarve,695.95,315.3,256124.0157480315,254.0
901,CONTINENTE,1,CENTRO,16,VISEU DÃO LAFÕES,16G,GUARDA,AGUIAR DA BEIRA,20676.57,206.77,67,989,450,aguiar da beira,viseu dao lafoes,guarda,0901,aguiar da beira guarda,agui,4.36,guarda,viseu dao lafoes,24.08181818181818,25.6,229875.0,8.0
902,CONTINENTE,1,CENTRO,16,BEIRAS E SERRA DA ESTRELA,16J,GUARDA,ALMEIDA,51798.46,517.98,119,845,500,almeida,beiras e serra da estrela,guarda,0902,almeida guarda,alme,5.29,guarda,beiras e serra da estrela,15.34705882352941,11.0,155532.14285714287,28.0
903,CONTINENTE,1,CENTRO,16,BEIRAS E SERRA DA ESTRELA,16J,GUARDA,CELORICO DA BEIRA,24721.63,247.22,81,1256,375,celorico da beira,beiras e serra da estrela,guarda,0903,celorico da beira guarda,celo,4.842222222222222,guarda,beiras e serra da estrela,26.03529411764706,26.7,122580.76923076923,52.0
904,CONTINENTE,1,CENTRO,16,BEIRAS E SERRA DA ESTRELA,16J,GUARDA,FIGUEIRA DE CASTELO RODRIGO,50857.46,508.57,112,976,124,figueira de castelo rodrigo,beiras e serra da estrela,guarda,0904,figueira de castelo rodrigo guarda,figu,4.842222222222222,guarda,beiras e serra da estrela,12.672727272727274,9.9,168840.0,25.0
905,CONTINENTE,1,CENTRO,16,BEIRAS E SERRA DA ESTRELA,16J,GUARDA,FORNOS DE ALGODRES,13145.05,131.45,79,915,325,fornos de algodres,beiras e serra da estrela,guarda,0905,fornos de algodres guarda,forn,4.842222222222222,guarda,beiras e serra da estrela,31.576923076923077,33.3,119628.84615384616,52.0
906,CONTINENTE,1,CENTRO,16,BEIRAS E SERRA DA ESTRELA,16J,GUARDA,GOUVEIA,30061.17,300.61,98,1626,250,gouveia,beiras e serra da estrela,guarda,0906,gouveia guarda,gouv,7.325,guarda,beiras e serra da estrela,43.33529411764706,40.7,154640.47619047618,63.0
907,CONTINENTE,1,CENTRO,16,BEIRAS E SERRA DA ESTRELA,16J,GUARDA,GUARDA,71209.58,712.1,162,1287,441,guarda,beiras e serra da estrela,guarda,0907,guarda guarda,guar,4.37,guarda,beiras e serra da estrela,33.56363636363636,56.2,135391.42857142858,119.0
908,CONTINENTE,1,CENTRO,16,BEIRAS E SERRA DA ESTRELA,16J,GUARDA,MANTEIGAS,12197.55,121.98,65,1993,518,manteigas,beiras e serra da estrela,guarda,0908,manteigas guarda,mant,4.842222222222222,guarda,beiras e serra da estrela,23.96,24.1,148368.75,32.0
909,CONTINENTE,1,CENTRO,16,BEIRAS E SERRA DA ESTRELA,16J,GUARDA,MÊDA,28604.92,286.05,100,945,225,meda,beiras e serra da estrela,guarda,0909,meda guarda,meda,8.12,guarda,beiras e serra da estrela,17.308333333333334,16.0,126642.85714285714,14.0
910,CONTINENTE,1,CENTRO,16,BEIRAS E SERRA DA ESTRELA,16J,GUARDA,PINHEL,48452.12,484.52,156,926,150,pinhel,beiras e serra da estrela,guarda,0910,pinhel guarda,pinh,4.842222222222222,guarda,beiras e serra da estrela,17.236842105263158,16.2,166800.0,20.0
911,CONTINENTE,1,CENTRO,16,BEIRAS E SERRA DA ESTRELA,16J,GUARDA,SABUGAL,82269.82,822.7,182,1223,450,sabugal,beiras e serra da estrela,guarda,0911,sabugal guarda,sabu,5.0600000000000005,guarda,beiras e serra da estrela,20.17096774193548,13.7,208976.19047619047,42.0
912,CONTINENTE,1,CENTRO,16,BEIRAS E SERRA DA ESTRELA,16J,GUARDA,SEIA,43568.83,435.69,118,1993,175,seia,beiras e serra da estrela,guarda,0912,seia guarda,seia,3.17,guarda,beiras e serra da estrela,42.00454545454546,49.2,154292.3076923077,247.0
913,CONTINENTE,1,CENTRO,16,BEIRAS E SERRA DA ESTRELA,16J,GUARDA,TRANCOSO,36152.47,361.52,120,986,425,trancoso,beiras e serra da estrela,guarda,0913,trancoso guarda,tran,3.805,guarda,beiras e serra da estrela,23.94090909090909,23.0,144912.5,40.0
914,CONTINENTE,1,NORTE,11,DOURO,11D,GUARDA,VILA NOVA DE FOZ CÔA,39815.18,398.15,125,814,82,vila nova de foz coa,douro,guarda,0914,vila nova de foz coa guarda,vila,2.08,guarda,douro,16.74,16.0,132138.88888888888,36.0
1001,CONTINENTE,1,CENTRO,16,OESTE,16B,LEIRIA,ALCOBAÇA,40814.09,408.14,168,504,0,alcobaca,oeste,leiria,1001,alcobaca leiria,alco,5.45,leiria,oeste,120.04285714285713,140.5,215464.79524438572,757.0
1002,CONTINENTE,1,CENTRO,16,REGIÃO DE LEIRIA,16F,LEIRIA,ALVAIÁZERE,16047.76,160.48,74,618,96,alvaiazere,regiao de leiria,leiria,1002,alvaiazere leiria,alva,7.286666666666666,leiria,regiao de leiria,35.85,39.6,134876.67532467534,154.0
1003,CONTINENTE,1,CENTRO,16,REGIÃO DE LEIRIA,16F,LEIRIA,ANSIÃO,17609.42,176.09,83,533,175,ansiao,regiao de leiria,leiria,1003,ansiao leiria,ansi,3.5,leiria,regiao de leiria,59.92857142857143,67.4,165961.84971098267,173.0
1004,CONTINENTE,1,CENTRO,16,REGIÃO DE LEIRIA,16F,LEIRIA,BATALHA,10341.6,103.42,64,523,50,batalha,regiao de leiria,leiria,1004,batalha leiria,bata,4.53,leiria,regiao de leiria,95.6,160.2,209682.25806451612,124.0
1005,CONTINENTE,1,CENTRO,16,OESTE,16B,LEIRIA,BOMBARRAL,9128.55,91.29,61,205,11,bombarral,oeste,leiria,1005,bombarral leiria,bomb,6.779999999999999,leiria,oeste,86.66,153.2,233785.27272727274,110.0
1006,CONTINENTE,1,CENTRO,16,OESTE,16B,LEIRIA,CALDAS DA RAINHA,25569.47,255.69,106,255,0,caldas da rainha,oeste,leiria,1006,caldas da rainha leiria,cald,5.859999999999999,leiria,oeste,115.5923076923077,211.8,256605.13354531,629.0
1007,CONTINENTE,1,CENTRO,16,REGIÃO DE LEIRIA,16F,LEIRIA,CASTANHEIRA DE PÊRA,6677.45,66.77,45,1205,350,castanheira de pera,regiao de leiria,leiria,1007,castanheira de pera leiria,cast,9.15,leiria,regiao de leiria,40.3,40.6,141930.23255813954,43.0
1008,CONTINENTE,1,CENTRO,16,REGIÃO DE LEIRIA,16F,LEIRIA,FIGUEIRÓ DOS VINHOS,17344.0,173.44,106,1009,125,figueiro dos vinhos,regiao de leiria,leiria,1008,figueiro dos vinhos leiria,figu,6.563777777777777,leiria,regiao de leiria,27.419999999999998,30.4,194115.625,48.0
1009,CONTINENTE,1,CENTRO,16,REGIÃO DE LEIRIA,16F,LEIRIA,LEIRIA,56508.83,565.09,158,410,0,leiria,regiao de leiria,leiria,1009,leiria leiria,leir,8.215,leiria,regiao de leiria,118.22631578947369,236.8,239446.8487394958,1071.0
1010,CONTINENTE,1,CENTRO,16,REGIÃO DE LEIRIA,16F,LEIRIA,MARINHA GRANDE,18725.19,187.25,74,165,0,marinha grande,regiao de leiria,leiria,1010,marinha grande leiria,mari,4.88,leiria,regiao de leiria,103.6,219.0,184870.09345794393,321.0
1011,CONTINENTE,1,CENTRO,16,OESTE,16B,LEIRIA,NAZARÉ,8243.43,82.43,59,177,0,nazare,oeste,leiria,1011,nazare leiria,naza,6.315,leiria,oeste,142.125,190.4,280003.43440233235,343.0
1012,CONTINENTE,1,CENTRO,16,OESTE,16B,LEIRIA,ÓBIDOS,14155.44,141.55,73,222,0,obidos,oeste,leiria,1012,obidos leiria,obid,9.365,leiria,oeste,69.5375,93.9,309819.84375,224.0
1013,CONTINENTE,1,CENTRO,16,REGIÃO DE LEIRIA,16F,LEIRIA,PEDRÓGÃO GRANDE,12874.75,128.75,69,779,150,pedrogao grande,regiao de leiria,leiria,1013,pedrogao grande leiria,pedr,7.975,leiria,regiao de leiria,28.0,28.2,161976.19047619047,21.0
1014,CONTINENTE,1,CENTRO,16,OESTE,16B,LEIRIA,PENICHE,7754.98,77.55,61,165,0,peniche,oeste,leiria,1014,peniche leiria,peni,10.19,leiria,oeste,399.17999999999995,355.3,241085.67073170733,328.0
1015,CONTINENTE,1,CENTRO,16,REGIÃO DE LEIRIA,16F,LEIRIA,POMBAL,62600.28,626.0,135,560,0,pombal,regiao de leiria,leiria,1015,pombal leiria,pomb,4.77,leiria,regiao de leiria,54.714285714285715,83.1,181594.06392694064,657.0
1016,CONTINENTE,1,CENTRO,16,REGIÃO DE LEIRIA,16F,LEIRIA,PORTO DE MÓS,26183.41,261.83,97,615,50,porto de mos,regiao de leiria,leiria,1016,porto de mos leiria,port,4.19,leiria,regiao de leiria,63.709090909090904,91.7,187600.8811881188,303.0
1101,CONTINENTE,1,CENTRO,16,OESTE,16B,LISBOA,ALENQUER,30421.92,304.22,101,666,2,alenquer,oeste,lisboa,1101,alenquer lisboa,alen,7.165,lisboa,oeste,82.47500000000001,158.8,199390.56111929307,679.0
1102,CONTINENTE,1,CENTRO,16,OESTE,16B,LISBOA,ARRUDA DOS VINHOS,7795.93,77.96,73,395,44,arruda dos vinhos,oeste,lisboa,1102,arruda dos vinhos lisboa,arru,8.196666666666667,lisboa,oeste,77.47999999999999,196.5,293686.99557522126,226.0
1103,CONTINENTE,1,ALENTEJO,18,LEZÍRIA DO TEJO,185,LISBOA,AZAMBUJA,26265.65,262.66,121,194,2,azambuja,leziria do tejo,lisboa,1103,azambuja lisboa,azam,6.74,lisboa,leziria do tejo,51.2375,87.3,198325.81699346405,306.0
1104,CONTINENTE,1,CENTRO,16,OESTE,16B,LISBOA,CADAVAL,17489.3,174.89,64,665,46,cadaval,oeste,lisboa,1104,cadaval lisboa,cada,4.56,lisboa,oeste,54.6375,82.5,198928.6231884058,138.0
1105,CONTINENTE,1,LISBOA,17,ÁREA METROPOLITANA DE LISBOA,170,LISBOA,CASCAIS,9740.17,97.4,72,475,0,cascais,area metropolitana de lisboa,lisboa,1105,cascais lisboa,casc,11.23,lisboa,area metropolitana de lisboa,1475.04,2255.0,410479.6219035202,1534.0
1106,CONTINENTE,1,LISBOA,17,ÁREA METROPOLITANA DE LISBOA,170,LISBOA,LISBOA,10005.43,100.05,50,228,0,lisboa,area metropolitana de lisboa,lisboa,1106,lisboa lisboa,lisb,15.22,lisboa,area metropolitana de lisboa,3953.6079999999997,5668.5,407229.01893395546,5572.0
1107,CONTINENTE,1,LISBOA,17,ÁREA METROPOLITANA DE LISBOA,170,LISBOA,LOURES,16723.99,167.24,90,409,0,loures,area metropolitana de lisboa,lisboa,1107,loures lisboa,lour,9.68,lisboa,area metropolitana de lisboa,1406.6272727272728,1238.1,304219.3920803123,1793.0
1108,CONTINENTE,1,CENTRO,16,OESTE,16B,LISBOA,LOURINHÃ,14717.2,147.17,69,201,0,lourinha,oeste,lisboa,1108,lourinha lisboa,lour,7.305,lisboa,oeste,120.78888888888888,192.9,314855.48484848486,462.0
1109,CONTINENTE,1,LISBOA,17,ÁREA METROPOLITANA DE LISBOA,170,LISBOA,MAFRA,29165.5,291.65,126,431,0,mafra,area metropolitana de lisboa,lisboa,1109,mafra lisboa,mafr,8.37,lisboa,area metropolitana de lisboa,192.9416666666667,309.0,350174.2015355086,1042.0
1110,CONTINENTE,1,LISBOA,17,ÁREA METROPOLITANA DE LISBOA,170,LISBOA,OEIRAS,4588.31,45.88,43,199,0,oeiras,area metropolitana de lisboa,lisboa,1110,oeiras lisboa,oeir,13.0,lisboa,area metropolitana de lisboa,1883.8666666666668,3829.1,419733.58572300186,1639.0
1111,CONTINENTE,1,LISBOA,17,ÁREA METROPOLITANA DE LISBOA,170,LISBOA,SINTRA,31922.73,319.23,115,528,0,sintra,area metropolitana de lisboa,lisboa,1111,sintra lisboa,sint,9.32,lisboa,area metropolitana de lisboa,1908.0083333333332,1239.0,261275.0509886186,4481.0
1112,CONTINENTE,1,CENTRO,16,OESTE,16B,LISBOA,SOBRAL DE MONTE AGRAÇO,5210.32,52.1,68,442,125,sobral de monte agraco,oeste,lisboa,1112,sobral de monte agraco lisboa,sobr,5.22,lisboa,oeste,123.45,228.0,231729.3103448276,174.0
1113,CONTINENTE,1,CENTRO,16,OESTE,16B,LISBOA,TORRES VEDRAS,40714.89,407.15,117,394,0,torres vedras,oeste,lisboa,1113,torres vedras lisboa,torr,6.81,lisboa,oeste,109.70714285714287,216.2,269856.43418467586,1018.0
1114,CONTINENTE,1,LISBOA,17,ÁREA METROPOLITANA DE LISBOA,170,LISBOA,VILA FRANCA DE XIRA,31819.39,318.19,137,378,0,vila franca de xira,area metropolitana de lisboa,lisboa,1114,vila franca de xira lisboa,vila,8.94,lisboa,area metropolitana de lisboa,550.5857142857143,438.3,270843.03671562084,1498.0
1115,CONTINENTE,1,LISBOA,17,ÁREA METROPOLITANA DE LISBOA,170,LISBOA,AMADORA,2378.47,23.78,30,258,50,amadora,area metropolitana de lisboa,lisboa,1115,amadora lisboa,amad,9.385000000000002,lisboa,area metropolitana de lisboa,4250.057142857143,7495.9,249977.34820143884,1390.0
1116,CONTINENTE,1,LISBOA,17,ÁREA METROPOLITANA DE LISBOA,170,LISBOA,ODIVELAS,2654.36,26.54,32,339,24,odivelas,area metropolitana de lisboa,lisboa,1116,odivelas lisboa,odiv,10.02,lisboa,area metropolitana de lisboa,3142.1400000000003,5791.6,317749.8697674419,1290.0
1201,CONTINENTE,1,ALENTEJO,18,ALTO ALENTEJO,186,PORTALEGRE,ALTER DO CHÃO,36206.62,362.07,108,413,147,alter do chao,alto alentejo,portalegre,1201,alter do chao portalegre,alte,7.455,portalegre,alto alentejo,8.24,8.8,98231.88405797101,69.0
1202,CONTINENTE,1,ALENTEJO,18,ALTO ALENTEJO,186,PORTALEGRE,ARRONCHES,31464.72,314.65,97,584,236,arronches,alto alentejo,portalegre,1202,arronches portalegre,arro,11.95,portalegre,alto alentejo,8.825,8.8,134278.125,32.0
1203,CONTINENTE,1,ALENTEJO,18,ALTO ALENTEJO,186,PORTALEGRE,AVIS,60596.51,605.97,178,245,75,avis,alto alentejo,portalegre,1203,avis portalegre,avis,10.1,portalegre,alto alentejo,6.6000000000000005,6.3,148496.98795180724,83.0
1204,CONTINENTE,1,ALENTEJO,18,ALTO ALENTEJO,186,PORTALEGRE,CAMPO MAIOR,24720.16,247.2,76,341,173,campo maior,alto alentejo,portalegre,1204,campo maior portalegre,camp,2.72,portalegre,alto alentejo,19.325,32.0,148747.91836734695,98.0
1205,CONTINENTE,1,ALENTEJO,18,ALTO ALENTEJO,186,PORTALEGRE,CASTELO DE VIDE,26491.24,264.91,102,825,125,castelo de vide,alto alentejo,portalegre,1205,castelo de vide portalegre,cast,8.52,portalegre,alto alentejo,11.440000000000001,12.1,160294.11764705883,17.0
1206,CONTINENTE,1,ALENTEJO,18,ALTO ALENTEJO,186,PORTALEGRE,CRATO,39806.88,398.07,128,445,150,crato,alto alentejo,portalegre,1206,crato portalegre,crat,7.455,portalegre,alto alentejo,9.32,8.2,163031.25,32.0
1207,CONTINENTE,1,ALENTEJO,18,ALTO ALENTEJO,186,PORTALEGRE,ELVAS,63128.86,631.29,148,496,150,elvas,alto alentejo,portalegre,1207,elvas portalegre,elva,4.11,portalegre,alto alentejo,20.975,32.3,176292.67399267398,273.0
1208,CONTINENTE,1,ALENTEJO,18,ALTO ALENTEJO,186,PORTALEGRE,FRONTEIRA,24859.58,248.6,103,371,150,fronteira,alto alentejo,portalegre,1208,fronteira portalegre,fron,7.455,portalegre,alto alentejo,10.05,12.0,154855.76923076922,52.0
1209,CONTINENTE,1,ALENTEJO,18,ALTO ALENTEJO,186,PORTALEGRE,GAVIÃO,29459.45,294.59,100,312,50,gaviao,alto alentejo,portalegre,1209,gaviao portalegre,gavi,8.34,portalegre,alto alentejo,12.1,11.3,137147.72727272726,44.0
1210,CONTINENTE,1,ALENTEJO,18,ALTO ALENTEJO,186,PORTALEGRE,MARVÃO,15489.9,154.9,68,1027,200,marvao,alto alentejo,portalegre,1210,marvao portalegre,marv,10.280000000000001,portalegre,alto alentejo,19.48,19.5,154666.66666666666,24.0
1211,CONTINENTE,1,ALENTEJO,18,ALTO ALENTEJO,186,PORTALEGRE,MONFORTE,42024.82,420.25,120,402,225,monforte,alto alentejo,portalegre,1211,monforte portalegre,monf,10.91,portalegre,alto alentejo,6.56,7.1,119511.32075471699,53.0
1212,CONTINENTE,1,ALENTEJO,18,ALTO ALENTEJO,186,PORTALEGRE,NISA,57567.84,575.68,154,463,50,nisa,alto alentejo,portalegre,1212,nisa portalegre,nisa,7.455,portalegre,alto alentejo,16.275,9.9,102964.0,75.0
1213,CONTINENTE,1,ALENTEJO,18,ALTO ALENTEJO,186,PORTALEGRE,PONTE DE SOR,83971.16,839.71,178,285,46,ponte de sor,alto alentejo,portalegre,1213,ponte de sor portalegre,pont,4.11,portalegre,alto alentejo,12.5,18.1,174508.66483516485,182.0
1214,CONTINENTE,1,ALENTEJO,18,ALTO ALENTEJO,186,PORTALEGRE,PORTALEGRE,44713.64,447.14,122,1027,250,portalegre,alto alentejo,portalegre,1214,portalegre portalegre,port,3.51,portalegre,alto alentejo,62.925,49.0,152022.5806451613,186.0
1215,CONTINENTE,1,ALENTEJO,18,ALTO ALENTEJO,186,PORTALEGRE,SOUSEL,27932.18,279.32,119,454,150,sousel,alto alentejo,portalegre,1215,sousel portalegre,sous,7.455,portalegre,alto alentejo,13.38,15.8,151176.19047619047,63.0
1301,CONTINENTE,1,NORTE,11,TÂMEGA E SOUSA,11C,PORTO,AMARANTE,30133.15,301.33,118,1348,50,amarante,tamega e sousa,porto,1301,amarante porto,amar,3.88,porto,tamega e sousa,113.51111111111112,173.3,217588.81422924902,506.0
1302,CONTINENTE,1,NORTE,11,TÂMEGA E SOUSA,11C,PORTO,BAIÃO,17452.83,174.53,74,1416,50,baiao,tamega e sousa,porto,1302,baiao porto,baia,2.63,porto,tamega e sousa,72.11999999999999,98.6,176122.131147541,244.0
1303,CONTINENTE,1,NORTE,11,TÂMEGA E SOUSA,11C,PORTO,FELGUEIRAS,11573.75,115.74,58,575,145,felgueiras,tamega e sousa,porto,1303,felgueiras porto,felg,3.3,porto,tamega e sousa,190.1904761904762,478.9,205412.10577864837,1021.0
1304,CONTINENTE,1,NORTE,11,ÁREA METROPOLITANA DO PORTO,11A,PORTO,GONDOMAR,13191.76,131.92,80,470,5,gondomar,area metropolitana do porto,porto,1304,gondomar porto,gond,5.33,porto,area metropolitana do porto,774.525,1277.9,231512.07442888725,1357.0
1305,CONTINENTE,1,NORTE,11,TÂMEGA E SOUSA,11C,PORTO,LOUSADA,9608.01,96.08,56,578,175,lousada,tamega e sousa,porto,1305,lousada porto,lous,3.65,porto,tamega e sousa,222.0,502.8,177532.69506726458,446.0
1306,CONTINENTE,1,NORTE,11,ÁREA METROPOLITANA DO PORTO,11A,PORTO,MAIA,8293.94,82.94,68,255,35,maia,area metropolitana do porto,porto,1306,maia porto,maia,7.69,porto,area metropolitana do porto,819.0363636363636,1719.0,295681.04067536455,1303.0
1307,CONTINENTE,1,NORTE,11,TÂMEGA E SOUSA,11C,PORTO,MARCO DE CANAVESES,20188.98,201.89,95,962,8,marco de canaveses,tamega e sousa,porto,1307,marco de canaveses porto,marc,3.71,porto,tamega e sousa,132.61764705882354,245.6,182354.94037478705,587.0
1308,CONTINENTE,1,NORTE,11,ÁREA METROPOLITANA DO PORTO,11A,PORTO,MATOSINHOS,6241.97,62.42,59,134,0,matosinhos,area metropolitana do porto,porto,1308,matosinhos porto,mato,10.0,porto,area metropolitana do porto,1564.28,2876.6,311279.2586333578,1361.0
1309,CONTINENTE,1,NORTE,11,TÂMEGA E SOUSA,11C,PORTO,PAÇOS DE FERREIRA,7099.29,70.99,46,570,175,pacos de ferreira,tamega e sousa,porto,1309,pacos de ferreira porto,paco,4.17,porto,tamega e sousa,325.9692307692308,788.6,228791.40086206896,464.0
1310,CONTINENTE,1,NORTE,11,ÁREA METROPOLITANA DO PORTO,11A,PORTO,PAREDES,15675.69,156.76,79,519,25,paredes,area metropolitana do porto,porto,1310,paredes porto,pare,4.75,porto,area metropolitana do porto,259.44736842105266,548.7,179643.77469135803,648.0
1311,CONTINENTE,1,NORTE,11,TÂMEGA E SOUSA,11C,PORTO,PENAFIEL,21224.27,212.24,85,586,22,penafiel,tamega e sousa,porto,1311,penafiel porto,pena,4.34,porto,tamega e sousa,151.0758620689655,331.3,193705.97345132745,452.0
1312,CONTINENTE,1,NORTE,11,ÁREA METROPOLITANA DO PORTO,11A,PORTO,PORTO,4142.02,41.42,36,157,0,porto,area metropolitana do porto,porto,1312,porto porto,port,11.72,porto,area metropolitana do porto,3380.0,6006.0,336916.6122105263,4750.0
1313,CONTINENTE,1,NORTE,11,ÁREA METROPOLITANA DO PORTO,11A,PORTO,PÓVOA DE VARZIM,8220.59,82.21,63,202,0,povoa de varzim,area metropolitana do porto,porto,1313,povoa de varzim porto,povo,6.785,porto,area metropolitana do porto,414.225,821.4,330745.2994011976,334.0
1314,CONTINENTE,1,NORTE,11,ÁREA METROPOLITANA DO PORTO,11A,PORTO,SANTO TIRSO,13655.52,136.56,69,535,36,santo tirso,area metropolitana do porto,porto,1314,santo tirso porto,sant,5.01,porto,area metropolitana do porto,234.3066666666667,496.7,201557.72373540857,514.0
1315,CONTINENTE,1,NORTE,11,ÁREA METROPOLITANA DO PORTO,11A,PORTO,VALONGO,7512.45,75.12,53,385,50,valongo,area metropolitana do porto,porto,1315,valongo porto,valo,7.145,porto,area metropolitana do porto,801.98,1333.4,230434.25340136053,588.0
1316,CONTINENTE,1,NORTE,11,ÁREA METROPOLITANA DO PORTO,11A,PORTO,VILA DO CONDE,14902.77,149.03,68,235,0,vila do conde,area metropolitana do porto,porto,1316,vila do conde porto,vila,6.76,porto,area metropolitana do porto,304.8863636363636,569.5,327251.61097256857,401.0
1317,CONTINENTE,1,NORTE,11,ÁREA METROPOLITANA DO PORTO,11A,PORTO,VILA NOVA DE GAIA,16846.43,168.46,77,262,0,vila nova de gaia,area metropolitana do porto,porto,1317,vila nova de gaia porto,vila,8.51,porto,area metropolitana do porto,1050.15,1847.5,311382.25339489407,3682.0
1318,CONTINENTE,1,NORTE,11,ÁREA METROPOLITANA DO PORTO,11A,PORTO,TROFA,7201.76,72.02,40,250,25,trofa,area metropolitana do porto,porto,1318,trofa porto,trof,6.0,porto,area metropolitana do porto,204.23333333333335,555.5,238143.20118343196,338.0
1401,CONTINENTE,1,CENTRO,16,MÉDIO TEJO,16I,SANTARÉM,ABRANTES,71469.08,714.69,183,317,18,abrantes,medio tejo,santarem,1401,abrantes santarem,abra,4.3,santarem,medio tejo,42.207142857142856,47.3,152647.47222222222,360.0
1402,CONTINENTE,1,CENTRO,16,MÉDIO TEJO,16I,SANTARÉM,ALCANENA,12732.86,127.33,85,678,43,alcanena,medio tejo,santarem,1402,alcanena santarem,alca,3.72,santarem,medio tejo,68.975,100.1,155488.65546218486,119.0
1403,CONTINENTE,1,ALENTEJO,18,LEZÍRIA DO TEJO,185,SANTARÉM,ALMEIRIM,22212.05,222.12,84,171,5,almeirim,leziria do tejo,santarem,1403,almeirim santarem,alme,5.27,santarem,leziria do tejo,54.46,102.7,188045.60103626942,193.0
1404,CONTINENTE,1,ALENTEJO,18,LEZÍRIA DO TEJO,185,SANTARÉM,ALPIARÇA,9536.33,95.36,46,132,9,alpiarca,leziria do tejo,santarem,1404,alpiarca santarem,alpi,5.693157894736842,santarem,leziria do tejo,42.1,76.9,208641.776119403,67.0
1405,CONTINENTE,1,ALENTEJO,18,LEZÍRIA DO TEJO,185,SANTARÉM,BENAVENTE,52138.39,521.38,124,78,0,benavente,leziria do tejo,santarem,1405,benavente santarem,bena,4.585,santarem,leziria do tejo,33.58,62.0,199389.34604904632,367.0
1406,CONTINENTE,1,ALENTEJO,18,LEZÍRIA DO TEJO,185,SANTARÉM,CARTAXO,15817.28,158.17,72,130,3,cartaxo,leziria do tejo,santarem,1406,cartaxo santarem,cart,5.0,santarem,leziria do tejo,88.41428571428571,154.0,187787.74094707522,359.0
1407,CONTINENTE,1,ALENTEJO,18,LEZÍRIA DO TEJO,185,SANTARÉM,CHAMUSCA,74600.54,746.01,145,200,11,chamusca,leziria do tejo,santarem,1407,chamusca santarem,cham,3.57,santarem,leziria do tejo,11.799999999999999,11.4,156749.12280701756,57.0
1408,CONTINENTE,1,CENTRO,16,MÉDIO TEJO,16I,SANTARÉM,CONSTÂNCIA,8036.58,80.37,51,224,22,constancia,medio tejo,santarem,1408,constancia santarem,cons,8.37,santarem,medio tejo,40.525000000000006,49.2,178076.04166666666,48.0
1409,CONTINENTE,1,ALENTEJO,18,LEZÍRIA DO TEJO,185,SANTARÉM,CORUCHE,111572.03,1115.72,231,264,7,coruche,leziria do tejo,santarem,1409,coruche santarem,coru,6.785,santarem,leziria do tejo,9.700000000000001,15.6,169773.07692307694,260.0
1410,CONTINENTE,1,CENTRO,16,MÉDIO TEJO,16I,SANTARÉM,ENTRONCAMENTO,1372.81,13.73,17,87,25,entroncamento,medio tejo,santarem,1410,entroncamento santarem,entr,5.5,santarem,medio tejo,826.9666666666667,1601.2,175003.07262569832,358.0
1411,CONTINENTE,1,CENTRO,16,MÉDIO TEJO,16I,SANTARÉM,FERREIRA DO ZÊZERE,19038.03,190.38,94,451,125,ferreira do zezere,medio tejo,santarem,1411,ferreira do zezere santarem,ferr,4.45,santarem,medio tejo,39.8375,42.1,155739.2670157068,191.0
1412,CONTINENTE,1,ALENTEJO,18,LEZÍRIA DO TEJO,185,SANTARÉM,GOLEGÃ,8431.67,84.32,49,95,14,golega,leziria do tejo,santarem,1412,golega santarem,gole,7.93,santarem,leziria do tejo,40.85,64.5,256509.33333333334,75.0
1413,CONTINENTE,1,CENTRO,16,MÉDIO TEJO,16I,SANTARÉM,MAÇÃO,39997.98,399.98,147,643,47,macao,medio tejo,santarem,1413,macao santarem,maca,9.62,santarem,medio tejo,17.071428571428573,16.0,137017.94871794872,78.0
1414,CONTINENTE,1,ALENTEJO,18,LEZÍRIA DO TEJO,185,SANTARÉM,RIO MAIOR,27276.45,272.76,99,497,25,rio maior,leziria do tejo,santarem,1414,rio maior santarem,rio ,6.455,santarem,leziria do tejo,36.26363636363636,81.8,205600.09216589862,217.0
1415,CONTINENTE,1,ALENTEJO,18,LEZÍRIA DO TEJO,185,SANTARÉM,SALVATERRA DE MAGOS,24393.2,243.93,73,105,2,salvaterra de magos,leziria do tejo,santarem,1415,salvaterra de magos santarem,salv,6.785,santarem,leziria do tejo,51.839999999999996,95.7,230008.88888888888,180.0
1416,CONTINENTE,1,ALENTEJO,18,LEZÍRIA DO TEJO,185,SANTARÉM,SANTARÉM,55253.58,552.54,180,529,3,santarem,leziria do tejo,santarem,1416,santarem santarem,sant,5.63,santarem,leziria do tejo,67.5,110.4,208850.33663366336,505.0
1417,CONTINENTE,1,CENTRO,16,MÉDIO TEJO,16I,SANTARÉM,SARDOAL,9214.72,92.15,52,452,75,sardoal,medio tejo,santarem,1417,sardoal santarem,sard,5.693157894736842,santarem,medio tejo,32.5,39.3,149173.07692307694,26.0
1418,CONTINENTE,1,CENTRO,16,MÉDIO TEJO,16I,SANTARÉM,TOMAR,35120.44,351.2,116,350,32,tomar,medio tejo,santarem,1418,tomar santarem,toma,5.5,santarem,medio tejo,76.20833333333333,105.0,188132.36559139786,465.0
1419,CONTINENTE,1,CENTRO,16,MÉDIO TEJO,16I,SANTARÉM,TORRES NOVAS,26999.68,270.0,86,678,13,torres novas,medio tejo,santarem,1419,torres novas santarem,torr,4.96,santarem,medio tejo,96.67272727272729,128.6,166600.0,419.0
1420,CONTINENTE,1,CENTRO,16,MÉDIO TEJO,16I,SANTARÉM,VILA NOVA DA BARQUINHA,4952.97,49.53,46,201,19,vila nova da barquinha,medio tejo,santarem,1420,vila nova da barquinha santarem,vila,4.28,santarem,medio tejo,84.03999999999999,157.1,191490.38461538462,52.0
1421,CONTINENTE,1,CENTRO,16,MÉDIO TEJO,16I,SANTARÉM,OURÉM,41668.03,416.68,128,678,95,ourem,medio tejo,santarem,1421,ourem santarem,oure,5.46,santarem,medio tejo,73.93571428571428,111.6,209362.96120689655,232.0
1501,CONTINENTE,1,ALENTEJO,18,ALENTEJO LITORAL,181,SETÚBAL,ALCÁCER DO SAL,149987.3,1499.87,213,254,0,alcacer do sal,alentejo litoral,setubal,1501,alcacer do sal setubal,alca,6.05,setubal,alentejo litoral,5.76,7.4,245133.18181818182,220.0
1502,CONTINENTE,1,LISBOA,17,ÁREA METROPOLITANA DE LISBOA,170,SETÚBAL,ALCOCHETE,12836.48,128.36,106,61,0,alcochete,area metropolitana de lisboa,setubal,1502,alcochete setubal,alco,8.52,setubal,area metropolitana de lisboa,180.5,156.6,382180.08298755187,241.0
1503,CONTINENTE,1,LISBOA,17,ÁREA METROPOLITANA DE LISBOA,170,SETÚBAL,ALMADA,7000.89,70.01,66,125,0,almada,area metropolitana de lisboa,setubal,1503,almada setubal,alma,9.02,setubal,area metropolitana de lisboa,1937.7666666666667,2588.7,298182.1899509804,1632.0
1504,CONTINENTE,1,LISBOA,17,ÁREA METROPOLITANA DE LISBOA,170,SETÚBAL,BARREIRO,3639.07,36.39,46,76,0,barreiro,area metropolitana de lisboa,setubal,1504,barreiro setubal,barr,9.01,setubal,area metropolitana de lisboa,1335.5400000000002,2197.5,244121.49545454545,660.0
1505,CONTINENTE,1,ALENTEJO,18,ALENTEJO LITORAL,181,SETÚBAL,GRÂNDOLA,82593.66,825.94,227,325,0,grandola,alentejo litoral,setubal,1505,grandola setubal,gran,7.234999999999999,setubal,alentejo litoral,17.2,17.2,341812.734082397,267.0
1506,CONTINENTE,1,LISBOA,17,ÁREA METROPOLITANA DE LISBOA,170,SETÚBAL,MOITA,5525.98,55.26,42,58,0,moita,area metropolitana de lisboa,setubal,1506,moita setubal,moit,6.84,setubal,area metropolitana de lisboa,841.9799999999999,1247.7,206998.3137254902,510.0
1507,CONTINENTE,1,LISBOA,17,ÁREA METROPOLITANA DE LISBOA,170,SETÚBAL,MONTIJO,34861.64,348.62,149,135,0,montijo,area metropolitana de lisboa,setubal,1507,montijo setubal,mont,8.44,setubal,area metropolitana de lisboa,183.0,169.8,306194.0970873786,1030.0
1508,CONTINENTE,1,LISBOA,17,ÁREA METROPOLITANA DE LISBOA,170,SETÚBAL,PALMELA,46512.01,465.12,157,391,0,palmela,area metropolitana de lisboa,setubal,1508,palmela setubal,palm,7.22,setubal,area metropolitana de lisboa,120.2,156.8,273536.64381121995,1123.0
1509,CONTINENTE,1,ALENTEJO,18,ALENTEJO LITORAL,181,SETÚBAL,SANTIAGO DO CACÉM,105969.29,1059.69,214,370,0,santiago do cacem,alentejo litoral,setubal,1509,santiago do cacem setubal,sant,6.84,setubal,alentejo litoral,20.799999999999997,26.7,284154.54545454547,209.0
1510,CONTINENTE,1,LISBOA,17,ÁREA METROPOLITANA DE LISBOA,170,SETÚBAL,SEIXAL,9545.17,95.45,50,81,0,seixal,area metropolitana de lisboa,setubal,1510,seixal setubal,seix,8.78,setubal,area metropolitana de lisboa,902.9799999999999,1814.2,321558.58026233607,1601.0
1511,CONTINENTE,1,LISBOA,17,ÁREA METROPOLITANA DE LISBOA,170,SETÚBAL,SESIMBRA,19571.75,195.72,87,380,0,sesimbra,area metropolitana de lisboa,setubal,1511,sesimbra setubal,sesi,7.97,setubal,area metropolitana de lisboa,1024.0,283.6,332495.009009009,777.0
1512,CONTINENTE,1,LISBOA,17,ÁREA METROPOLITANA DE LISBOA,170,SETÚBAL,SETÚBAL,23032.5,230.33,101,501,0,setubal,area metropolitana de lisboa,setubal,1512,setubal setubal,setu,9.67,setubal,area metropolitana de lisboa,357.76666666666665,536.4,292279.8708226221,1556.0
1513,CONTINENTE,1,ALENTEJO,18,ALENTEJO LITORAL,181,SETÚBAL,SINES,20330.17,203.3,112,250,0,sines,alentejo litoral,setubal,1513,sines setubal,sine,10.455,setubal,alentejo litoral,38.833333333333336,72.7,443286.9918699187,123.0
1601,CONTINENTE,1,NORTE,11,ALTO MINHO,111,VIANA DO CASTELO,ARCOS DE VALDEVEZ,44759.64,447.6,109,1416,17,arcos de valdevez,alto minho,viana do castelo,1601,arcos de valdevez viana do castelo,arco,4.62,viana do castelo,alto minho,75.9108108108108,46.6,167086.72566371682,339.0
1602,CONTINENTE,1,NORTE,11,ALTO MINHO,111,VIANA DO CASTELO,CAMINHA,13652.14,136.52,67,805,0,caminha,alto minho,viana do castelo,1602,caminha viana do castelo,cami,5.59,viana do castelo,alto minho,127.56,120.4,196724.18367346938,196.0
1603,CONTINENTE,1,NORTE,11,ALTO MINHO,111,VIANA DO CASTELO,MELGAÇO,23824.58,238.25,102,1336,25,melgaco,alto minho,viana do castelo,1603,melgaco viana do castelo,melg,7.39,viana do castelo,alto minho,55.449999999999996,31.9,130981.25,48.0
1604,CONTINENTE,1,NORTE,11,ALTO MINHO,111,VIANA DO CASTELO,MONÇÃO,21130.85,211.31,71,1114,9,moncao,alto minho,viana do castelo,1604,moncao viana do castelo,monc,4.55,viana do castelo,alto minho,76.18,85.3,174424.74226804124,97.0
1605,CONTINENTE,1,NORTE,11,ALTO MINHO,111,VIANA DO CASTELO,PAREDES DE COURA,13818.59,138.19,57,883,125,paredes de coura,alto minho,viana do castelo,1605,paredes de coura viana do castelo,pare,3.24,viana do castelo,alto minho,51.73529411764706,63.0,166766.39344262294,61.0
1606,CONTINENTE,1,NORTE,11,ALTO MINHO,111,VIANA DO CASTELO,PONTE DA BARCA,18211.37,182.11,83,1359,25,ponte da barca,alto minho,viana do castelo,1606,ponte da barca viana do castelo,pont,3.33,viana do castelo,alto minho,72.50555555555555,61.4,148504.9180327869,244.0
1607,CONTINENTE,1,NORTE,11,ALTO MINHO,111,VIANA DO CASTELO,PONTE DE LIMA,32025.46,320.25,98,835,3,ponte de lima,alto minho,viana do castelo,1607,ponte de lima viana do castelo,pont,4.93,viana do castelo,alto minho,94.175,128.4,213213.9303482587,201.0
1608,CONTINENTE,1,NORTE,11,ALTO MINHO,111,VIANA DO CASTELO,VALENÇA,11712.86,117.13,47,784,0,valenca,alto minho,viana do castelo,1608,valenca viana do castelo,vale,6.84,viana do castelo,alto minho,80.93333333333334,120.9,207490.4867256637,339.0
1609,CONTINENTE,1,NORTE,11,ALTO MINHO,111,VIANA DO CASTELO,VIANA DO CASTELO,31902.01,319.02,98,823,0,viana do castelo,alto minho,viana do castelo,1609,viana do castelo viana do castelo,vian,8.09,viana do castelo,alto minho,170.96785714285716,272.0,275457.8608247423,776.0
1610,CONTINENTE,1,NORTE,11,ALTO MINHO,111,VIANA DO CASTELO,VILA NOVA DE CERVEIRA,10846.66,108.47,53,638,0,vila nova de cerveira,alto minho,viana do castelo,1610,vila nova de cerveira viana do castelo,vila,6.199999999999999,viana do castelo,alto minho,69.96666666666667,86.0,236650.96153846153,208.0
1701,CONTINENTE,1,NORTE,11,DOURO,11D,VILA REAL,ALIJÓ,29759.89,297.6,97,1000,75,alijo,douro,vila real,1701,alijo vila real,alij,7.2,vila real,douro,35.82666666666667,34.7,176097.6923076923,130.0
1702,CONTINENTE,1,NORTE,11,ALTO TÂMEGA,11B,VILA REAL,BOTICAS,32195.66,321.96,122,1270,250,boticas,alto tamega,vila real,1702,boticas vila real,boti,7.21,vila real,alto tamega,16.354545454545455,15.2,168329.41176470587,17.0
1703,CONTINENTE,1,NORTE,11,ALTO TÂMEGA,11B,VILA REAL,CHAVES,59122.95,591.23,166,1050,300,chaves,alto tamega,vila real,1703,chaves vila real,chav,5.824999999999999,vila real,alto tamega,74.33,63.3,191809.8765432099,324.0
1704,CONTINENTE,1,NORTE,11,DOURO,11D,VILA REAL,MESÃO FRIO,2664.87,26.65,35,1038,50,mesao frio,douro,vila real,1704,mesao frio vila real,mesa,9.28,vila real,douro,82.3,130.8,202035.7142857143,56.0
1705,CONTINENTE,1,NORTE,11,AVE,119,VILA REAL,MONDIM DE BASTO,17207.52,172.08,70,1307,100,mondim de basto,ave,vila real,1705,mondim de basto vila real,mond,6.148333333333333,vila real,ave,33.48571428571429,37.2,176321.73913043478,46.0
1706,CONTINENTE,1,NORTE,11,ALTO TÂMEGA,11B,VILA REAL,MONTALEGRE,80545.71,805.46,195,1527,175,montalegre,alto tamega,vila real,1706,montalegre vila real,mont,6.148333333333333,vila real,alto tamega,14.761538461538462,11.4,184147.8260869565,115.0
1707,CONTINENTE,1,NORTE,11,DOURO,11D,VILA REAL,MURÇA,18937.11,189.37,93,1031,175,murca,douro,vila real,1707,murca vila real,murc,6.148333333333333,vila real,douro,27.4375,27.8,191125.0,32.0
1708,CONTINENTE,1,NORTE,11,DOURO,11D,VILA REAL,PESO DA RÉGUA,9486.01,94.86,81,1397,50,peso da regua,douro,vila real,1708,peso da regua vila real,peso,4.12,vila real,douro,120.73333333333332,151.8,165039.7966101695,295.0
1709,CONTINENTE,1,NORTE,11,ALTO TÂMEGA,11B,VILA REAL,RIBEIRA DE PENA,21745.98,217.46,98,1286,153,ribeira de pena,alto tamega,vila real,1709,ribeira de pena vila real,ribe,7.89,vila real,alto tamega,20.816666666666666,27.0,157300.0,30.0
1710,CONTINENTE,1,NORTE,11,DOURO,11D,VILA REAL,SABROSA,15692.45,156.92,91,1100,75,sabrosa,douro,vila real,1710,sabrosa vila real,sabr,6.148333333333333,vila real,douro,33.50769230769231,35.9,188149.12280701756,57.0
1711,CONTINENTE,1,NORTE,11,DOURO,11D,VILA REAL,SANTA MARTA DE PENAGUIÃO,6928.13,69.28,67,1416,75,santa marta de penaguiao,douro,vila real,1711,santa marta de penaguiao vila real,sant,6.148333333333333,vila real,douro,68.825,86.4,174790.6976744186,43.0
1712,CONTINENTE,1,NORTE,11,ALTO TÂMEGA,11B,VILA REAL,VALPAÇOS,54873.93,548.74,148,1148,225,valpacos,alto tamega,vila real,1712,valpacos vila real,valp,5.82,vila real,alto tamega,23.088461538461537,26.6,196917.9245283019,53.0
1713,CONTINENTE,1,NORTE,11,ALTO TÂMEGA,11B,VILA REAL,VILA POUCA DE AGUIAR,43706.62,437.07,110,1205,225,vila pouca de aguiar,alto tamega,vila real,1713,vila pouca de aguiar vila real,vila,3.31,vila real,alto tamega,28.253333333333334,26.9,220343.2098765432,81.0
1714,CONTINENTE,1,NORTE,11,DOURO,11D,VILA REAL,VILA REAL,37880.28,378.8,120,1350,125,vila real,douro,vila real,1714,vila real vila real,vila,4.68,vila real,douro,158.47619047619048,131.8,200394.22310756973,251.0
1801,CONTINENTE,1,NORTE,11,DOURO,11D,VISEU,ARMAMAR,11723.73,117.24,61,955,75,armamar,douro,viseu,1801,armamar viseu,arma,3.7634375,viseu,douro,43.89333333333333,48.2,,
1802,CONTINENTE,1,CENTRO,16,VISEU DÃO LAFÕES,16G,VISEU,CARREGAL DO SAL,11689.21,116.89,56,375,150,carregal do sal,viseu dao lafoes,viseu,1802,carregal do sal viseu,carr,3.4,viseu,viseu dao lafoes,56.1,78.5,,
1803,CONTINENTE,1,CENTRO,16,VISEU DÃO LAFÕES,16G,VISEU,CASTRO DAIRE,37904.13,379.04,147,1375,200,castro daire,viseu dao lafoes,viseu,1803,castro daire viseu,cast,3.5,viseu,viseu dao lafoes,33.2764705882353,36.2,,
1804,CONTINENTE,1,NORTE,11,TÂMEGA E SOUSA,11C,VISEU,CINFÃES,23928.76,239.29,93,1381,12,cinfaes,tamega e sousa,viseu,1804,cinfaes viseu,cinf,3.41,viseu,tamega e sousa,63.57333333333334,72.8,300000.0,1.0
1805,CONTINENTE,1,NORTE,11,DOURO,11D,VISEU,LAMEGO,16542.11,165.42,82,1122,50,lamego,douro,viseu,1805,lamego viseu,lame,3.4,viseu,douro,91.3,145.9,,
1806,CONTINENTE,1,CENTRO,16,VISEU DÃO LAFÕES,16G,VISEU,MANGUALDE,21925.56,219.26,85,766,225,mangualde,viseu dao lafoes,viseu,1806,mangualde viseu,mang,3.72,viseu,viseu dao lafoes,49.37692307692308,84.8,,
1807,CONTINENTE,1,NORTE,11,DOURO,11D,VISEU,MOIMENTA DA BEIRA,21996.9,219.97,88,1011,375,moimenta da beira,douro,viseu,1807,moimenta da beira viseu,moim,3.08,viseu,douro,43.71176470588235,44.2,,
1808,CONTINENTE,1,CENTRO,16,REGIÃO DE COIMBRA,16E,VISEU,MORTÁGUA,25117.82,251.18,82,768,75,mortagua,regiao de coimbra,viseu,1808,mortagua viseu,mort,3.11,viseu,regiao de coimbra,23.025,36.1,62000.0,1.0
1809,CONTINENTE,1,CENTRO,16,VISEU DÃO LAFÕES,16G,VISEU,NELAS,12571.48,125.71,55,484,150,nelas,viseu dao lafoes,viseu,1809,nelas viseu,nela,3.38,viseu,viseu dao lafoes,70.9125,106.0,,
1810,CONTINENTE,1,CENTRO,16,VISEU DÃO LAFÕES,16G,VISEU,OLIVEIRA DE FRADES,14534.62,145.35,103,1062,50,oliveira de frades,viseu dao lafoes,viseu,1810,oliveira de frades viseu,oliv,5.135,viseu,viseu dao lafoes,40.87777777777777,67.2,,
1811,CONTINENTE,1,CENTRO,16,VISEU DÃO LAFÕES,16G,VISEU,PENALVA DO CASTELO,13433.92,134.34,62,724,325,penalva do castelo,viseu dao lafoes,viseu,1811,penalva do castelo viseu,pena,3.7634375,viseu,viseu dao lafoes,47.550000000000004,54.7,,
1812,CONTINENTE,1,NORTE,11,DOURO,11D,VISEU,PENEDONO,13370.75,133.71,64,1000,450,penedono,douro,viseu,1812,penedono viseu,pene,3.7634375,viseu,douro,21.0375,21.0,,
1813,CONTINENTE,1,NORTE,11,TÂMEGA E SOUSA,11C,VISEU,RESENDE,12334.93,123.35,58,1218,50,resende,tamega e sousa,viseu,1813,resende viseu,rese,3.09,viseu,tamega e sousa,68.88333333333334,79.1,,
1814,CONTINENTE,1,CENTRO,16,VISEU DÃO LAFÕES,16G,VISEU,SANTA COMBA DÃO,11194.77,111.95,60,352,137,santa comba dao,viseu dao lafoes,viseu,1814,santa comba dao viseu,sant,3.81,viseu,viseu dao lafoes,62.05714285714286,97.6,,
1815,CONTINENTE,1,NORTE,11,DOURO,11D,VISEU,SÃO JOÃO DA PESQUEIRA,26610.85,266.11,100,994,75,sao joao da pesqueira,douro,viseu,1815,sao joao da pesqueira viseu,sao ,3.7634375,viseu,douro,23.308333333333334,25.4,,
1816,CONTINENTE,1,CENTRO,16,VISEU DÃO LAFÕES,16G,VISEU,SÃO PEDRO DO SUL,34895.09,348.95,123,1119,75,sao pedro do sul,viseu dao lafoes,viseu,1816,sao pedro do sul viseu,sao ,5.08,viseu,viseu dao lafoes,42.580000000000005,43.6,,
1817,CONTINENTE,1,CENTRO,16,VISEU DÃO LAFÕES,16G,VISEU,SÁTÃO,20194.11,201.94,78,859,375,satao,viseu dao lafoes,viseu,1817,satao viseu,sata,2.78,viseu,viseu dao lafoes,56.02,55.2,,
1818,CONTINENTE,1,NORTE,11,DOURO,11D,VISEU,SERNANCELHE,22861.22,228.61,99,964,475,sernancelhe,douro,viseu,1818,sernancelhe viseu,sern,3.7634375,viseu,douro,20.564285714285713,25.3,,
1819,CONTINENTE,1,NORTE,11,DOURO,11D,VISEU,TABUAÇO,13385.67,133.86,70,985,75,tabuaco,douro,viseu,1819,tabuaco viseu,tabu,3.7634375,viseu,douro,33.07142857142857,37.7,,
1820,CONTINENTE,1,NORTE,11,DOURO,11D,VISEU,TAROUCA,10008.49,100.08,73,1102,325,tarouca,douro,viseu,1820,tarouca viseu,taro,3.7634375,viseu,douro,61.25,76.1,,
1821,CONTINENTE,1,CENTRO,16,VISEU DÃO LAFÕES,16G,VISEU,TONDELA,37121.73,371.22,108,1075,133,tondela,viseu dao lafoes,viseu,1821,tondela viseu,tond,4.39,viseu,viseu dao lafoes,59.839999999999996,69.6,233500.0,19.0
1822,CONTINENTE,1,CENTRO,16,VISEU DÃO LAFÕES,16G,VISEU,VILA NOVA DE PAIVA,17553.28,175.53,69,1036,550,vila nova de paiva,viseu dao lafoes,viseu,1822,vila nova de paiva viseu,vila,3.7634375,viseu,viseu dao lafoes,26.816666666666663,27.1,,
1823,CONTINENTE,1,CENTRO,16,VISEU DÃO LAFÕES,16G,VISEU,VISEU,50710.14,507.1,123,899,200,viseu,viseu dao lafoes,viseu,1823,viseu viseu,vise,5.33,viseu,viseu dao lafoes,170.93076923076922,201.1,,
1824,CONTINENTE,1,CENTRO,16,VISEU DÃO LAFÕES,16G,VISEU,VOUZELA,19369.46,193.69,76,1043,125,vouzela,viseu dao lafoes,viseu,1824,vouzela viseu,vouz,3.6,viseu,viseu dao lafoes,39.69,50.4,,
3101,REGIÃO AUTÓNOMA DA MADEIRA,3,REGIÃO AUTÓNOMA DA MADEIRA,30,REGIÃO AUTÓNOMA DA MADEIRA,300,ILHA DA MADEIRA,CALHETA,11150.43,111.5,63,1640,0,calheta,regiao autonoma da madeira,ilha da madeira,3101,calheta ilha da madeira,calh,5.46,ilha da madeira,regiao autonoma da madeira,108.98888888888888,100.1,,
3102,REGIÃO AUTÓNOMA DA MADEIRA,3,REGIÃO AUTÓNOMA DA MADEIRA,30,REGIÃO AUTÓNOMA DA MADEIRA,300,ILHA DA MADEIRA,CÂMARA DE LOBOS,5216.67,52.17,46,1862,0,camara de lobos,regiao autonoma da madeira,ilha da madeira,3102,camara de lobos ilha da madeira,cama,5.75,ilha da madeira,regiao autonoma da madeira,341.68333333333334,628.4,,
3103,REGIÃO AUTÓNOMA DA MADEIRA,3,REGIÃO AUTÓNOMA DA MADEIRA,30,REGIÃO AUTÓNOMA DA MADEIRA,300,ILHA DA MADEIRA,FUNCHAL,7616.2,76.16,83,1818,0,funchal,regiao autonoma da madeira,ilha da madeira,3103,funchal ilha da madeira,func,9.78,ilha da madeira,regiao autonoma da madeira,1171.5636363636365,1411.2,750000.0,1.0
3104,REGIÃO AUTÓNOMA DA MADEIRA,3,REGIÃO AUTÓNOMA DA MADEIRA,30,REGIÃO AUTÓNOMA DA MADEIRA,300,ILHA DA MADEIRA,MACHICO,6825.1,68.25,107,1480,0,machico,regiao autonoma da madeira,ilha da madeira,3104,machico ilha da madeira,mach,5.23,ilha da madeira,regiao autonoma da madeira,160.21666666666667,287.1,82590.0,5.0
3105,REGIÃO AUTÓNOMA DA MADEIRA,3,REGIÃO AUTÓNOMA DA MADEIRA,30,REGIÃO AUTÓNOMA DA MADEIRA,300,ILHA DA MADEIRA,PONTA DO SOL,4622.03,46.22,34,1620,0,ponta do sol,regiao autonoma da madeira,ilha da madeira,3105,ponta do sol ilha da madeira,pont,6.851999999999999,ilha da madeira,regiao autonoma da madeira,122.975,188.3,,
3106,REGIÃO AUTÓNOMA DA MADEIRA,3,REGIÃO AUTÓNOMA DA MADEIRA,30,REGIÃO AUTÓNOMA DA MADEIRA,300,ILHA DA MADEIRA,PORTO MONIZ,8293.38,82.93,57,1640,0,porto moniz,regiao autonoma da madeira,ilha da madeira,3106,porto moniz ilha da madeira,port,6.851999999999999,ilha da madeira,regiao autonoma da madeira,25.96,30.5,91666.66666666667,6.0
3107,REGIÃO AUTÓNOMA DA MADEIRA,3,REGIÃO AUTÓNOMA DA MADEIRA,30,REGIÃO AUTÓNOMA DA MADEIRA,300,ILHA DA MADEIRA,RIBEIRA BRAVA,6544.88,65.45,42,1725,0,ribeira brava,regiao autonoma da madeira,ilha da madeira,3107,ribeira brava ilha da madeira,ribe,6.851999999999999,ilha da madeira,regiao autonoma da madeira,113.25999999999999,199.8,,
3108,REGIÃO AUTÓNOMA DA MADEIRA,3,REGIÃO AUTÓNOMA DA MADEIRA,30,REGIÃO AUTÓNOMA DA MADEIRA,300,ILHA DA MADEIRA,SANTA CRUZ,8150.28,81.5,97,1415,0,santa cruz,regiao autonoma da madeira,ilha da madeira,3108,santa cruz ilha da madeira,sant,8.04,ilha da madeira,regiao autonoma da madeira,300.1,543.3,75000.0,2.0
3109,REGIÃO AUTÓNOMA DA MADEIRA,3,REGIÃO AUTÓNOMA DA MADEIRA,30,REGIÃO AUTÓNOMA DA MADEIRA,300,ILHA DA MADEIRA,SANTANA,9547.3,95.47,56,1862,0,santana,regiao autonoma da madeira,ilha da madeira,3109,santana ilha da madeira,sant,6.851999999999999,ilha da madeira,regiao autonoma da madeira,55.07142857142857,68.0,,
3110,REGIÃO AUTÓNOMA DA MADEIRA,3,REGIÃO AUTÓNOMA DA MADEIRA,30,REGIÃO AUTÓNOMA DA MADEIRA,300,ILHA DA MADEIRA,SÃO VICENTE,7883.71,78.84,41,1725,0,sao vicente,regiao autonoma da madeira,ilha da madeira,3110,sao vicente ilha da madeira,sao ,6.851999999999999,ilha da madeira,regiao autonoma da madeira,55.05,63.1,,
3201,REGIÃO AUTÓNOMA DA MADEIRA,3,REGIÃO AUTÓNOMA DA MADEIRA,30,REGIÃO AUTÓNOMA DA MADEIRA,300,ILHA DE PORTO SANTO,PORTO SANTO,4300.7,43.01,107,517,0,porto santo,regiao autonoma da madeira,ilha de porto santo,3201,porto santo ilha de porto santo,port,6.851999999999999,ilha de porto santo,regiao autonoma da madeira,106.9,130.3,212870.73170731709,41.0
4101,REGIÃO AUTÓNOMA DOS AÇORES,2,REGIÃO AUTÓNOMA DOS AÇORES,20,REGIÃO AUTÓNOMA DOS AÇORES,200,ILHA DE SANTA MARIA,VILA DO PORTO,9688.74,96.89,78,587,0,vila do porto,regiao autonoma dos acores,ilha de santa maria,4101,vila do porto ilha de santa maria,vila,4.595454545454545,ilha de santa maria,regiao autonoma dos acores,36.733333333333334,56.8,165484.83412322274,211.0
4201,REGIÃO AUTÓNOMA DOS AÇORES,2,REGIÃO AUTÓNOMA DOS AÇORES,20,REGIÃO AUTÓNOMA DOS AÇORES,200,ILHA DE SÃO MIGUEL,LAGOA,4559.32,45.59,45,947,0,lagoa,regiao autonoma dos acores,ilha de sao miguel,4201,lagoa ilha de sao miguel,lago,4.56,ilha de sao miguel,regiao autonoma dos acores,133.88333333333333,327.3,190000.0,5.0
4202,REGIÃO AUTÓNOMA DOS AÇORES,2,REGIÃO AUTÓNOMA DOS AÇORES,20,REGIÃO AUTÓNOMA DOS AÇORES,200,ILHA DE SÃO MIGUEL,NORDESTE,10146.8,101.47,53,1103,0,nordeste,regiao autonoma dos acores,ilha de sao miguel,4202,nordeste ilha de sao miguel,nord,4.713333333333334,ilha de sao miguel,regiao autonoma dos acores,25.82,43.7,,
4203,REGIÃO AUTÓNOMA DOS AÇORES,2,REGIÃO AUTÓNOMA DOS AÇORES,20,REGIÃO AUTÓNOMA DOS AÇORES,200,ILHA DE SÃO MIGUEL,PONTA DELGADA,23298.65,232.99,102,873,0,ponta delgada,regiao autonoma dos acores,ilha de sao miguel,4203,ponta delgada ilha de sao miguel,pont,5.75,ilha de sao miguel,regiao autonoma dos acores,266.548,295.1,314571.4285714286,7.0
4204,REGIÃO AUTÓNOMA DOS AÇORES,2,REGIÃO AUTÓNOMA DOS AÇORES,20,REGIÃO AUTÓNOMA DOS AÇORES,200,ILHA DE SÃO MIGUEL,POVOAÇÃO,10640.77,106.41,64,1103,0,povoacao,regiao autonoma dos acores,ilha de sao miguel,4204,povoacao ilha de sao miguel,povo,4.713333333333334,ilha de sao miguel,regiao autonoma dos acores,35.02857142857143,55.1,,
4205,REGIÃO AUTÓNOMA DOS AÇORES,2,REGIÃO AUTÓNOMA DOS AÇORES,20,REGIÃO AUTÓNOMA DOS AÇORES,200,ILHA DE SÃO MIGUEL,RIBEIRA GRANDE,18015.13,180.15,120,877,0,ribeira grande,regiao autonoma dos acores,ilha de sao miguel,4205,ribeira grande ilha de sao miguel,ribe,3.83,ilha de sao miguel,regiao autonoma dos acores,69.44666666666667,179.2,228475.8620689655,29.0
4206,REGIÃO AUTÓNOMA DOS AÇORES,2,REGIÃO AUTÓNOMA DOS AÇORES,20,REGIÃO AUTÓNOMA DOS AÇORES,200,ILHA DE SÃO MIGUEL,VILA FRANCA DO CAMPO,7796.82,77.97,58,947,0,vila franca do campo,regiao autonoma dos acores,ilha de sao miguel,4206,vila franca do campo ilha de sao miguel,vila,4.713333333333334,ilha de sao miguel,regiao autonoma dos acores,80.5,133.4,539983.3333333334,6.0
4301,REGIÃO AUTÓNOMA DOS AÇORES,2,REGIÃO AUTÓNOMA DOS AÇORES,20,REGIÃO AUTÓNOMA DOS AÇORES,200,ILHA TERCEIRA,ANGRA DO HEROÍSMO,23899.66,239.0,105,1021,0,angra do heroismo,regiao autonoma dos acores,ilha terceira,4301,angra do heroismo ilha terceira,angr,4.49,ilha terceira,regiao autonoma dos acores,172.74,141.4,191463.15789473685,19.0
4302,REGIÃO AUTÓNOMA DOS AÇORES,2,REGIÃO AUTÓNOMA DOS AÇORES,20,REGIÃO AUTÓNOMA DOS AÇORES,200,ILHA TERCEIRA,PRAIA DA VITÓRIA,16127.06,161.27,90,808,0,praia da vitoria,regiao autonoma dos acores,ilha terceira,4302,praia da vitoria ilha terceira,prai,5.59,ilha terceira,regiao autonoma dos acores,80.51666666666667,122.4,200850.0,20.0
4401,REGIÃO AUTÓNOMA DOS AÇORES,2,REGIÃO AUTÓNOMA DOS AÇORES,20,REGIÃO AUTÓNOMA DOS AÇORES,200,ILHA DA GRACIOSA,SANTA CRUZ DA GRACIOSA,6065.78,60.66,44,402,0,santa cruz da graciosa,regiao autonoma dos acores,ilha da graciosa,4401,santa cruz da graciosa ilha da graciosa,sant,4.595454545454545,ilha da graciosa,regiao autonoma dos acores,48.5,67.6,,
4501,REGIÃO AUTÓNOMA DOS AÇORES,2,REGIÃO AUTÓNOMA DOS AÇORES,20,REGIÃO AUTÓNOMA DOS AÇORES,200,ILHA DE SÃO JORGE,CALHETA DE SÃO JORGE,12626.4,126.26,74,942,0,calheta de sao jorge,regiao autonoma dos acores,ilha de sao jorge,4501,calheta de sao jorge ilha de sao jorge,calh,4.06,ilha de sao jorge,regiao autonoma dos acores,22.816666666666666,27.7,,
4502,REGIÃO AUTÓNOMA DOS AÇORES,2,REGIÃO AUTÓNOMA DOS AÇORES,20,REGIÃO AUTÓNOMA DOS AÇORES,200,ILHA DE SÃO JORGE,VELAS,11738.38,117.38,79,1053,0,velas,regiao autonoma dos acores,ilha de sao jorge,4502,velas ilha de sao jorge,vela,4.06,ilha de sao jorge,regiao autonoma dos acores,31.714285714285715,42.2,260000.0,1.0
4601,REGIÃO AUTÓNOMA DOS AÇORES,2,REGIÃO AUTÓNOMA DOS AÇORES,20,REGIÃO AUTÓNOMA DOS AÇORES,200,ILHA DO PICO,LAJES DO PICO,15531.09,155.31,96,2351,0,lajes do pico,regiao autonoma dos acores,ilha do pico,4601,lajes do pico ilha do pico,laje,4.595454545454545,ilha do pico,regiao autonoma dos acores,26.91428571428571,28.3,,
4602,REGIÃO AUTÓNOMA DOS AÇORES,2,REGIÃO AUTÓNOMA DOS AÇORES,20,REGIÃO AUTÓNOMA DOS AÇORES,200,ILHA DO PICO,MADALENA,14712.33,147.12,65,2351,0,madalena,regiao autonoma dos acores,ilha do pico,4602,madalena ilha do pico,mada,4.595454545454545,ilha do pico,regiao autonoma dos acores,23.728571428571428,44.4,,
4603,REGIÃO AUTÓNOMA DOS AÇORES,2,REGIÃO AUTÓNOMA DOS AÇORES,20,REGIÃO AUTÓNOMA DOS AÇORES,200,ILHA DO PICO,SÃO ROQUE DO PICO,14236.1,142.36,82,2351,0,sao roque do pico,regiao autonoma dos acores,ilha do pico,4603,sao roque do pico ilha do pico,sao ,4.595454545454545,ilha do pico,regiao autonoma dos acores,16.55,24.0,,
4701,REGIÃO AUTÓNOMA DOS AÇORES,2,REGIÃO AUTÓNOMA DOS AÇORES,20,REGIÃO AUTÓNOMA DOS AÇORES,200,ILHA DO FAIAL,HORTA,17305.53,173.06,80,1043,0,horta,regiao autonoma dos acores,ilha do faial,4701,horta ilha do faial,hort,4.07,ilha do faial,regiao autonoma dos acores,107.20714285714287,83.6,160000.0,1.0
4801,REGIÃO AUTÓNOMA DOS AÇORES,2,REGIÃO AUTÓNOMA DOS AÇORES,20,REGIÃO AUTÓNOMA DOS AÇORES,200,ILHA DAS FLORES,LAJES DAS FLORES,7004.79,70.05,51,830,0,lajes das flores,regiao autonoma dos acores,ilha das flores,4801,lajes das flores ilha das flores,laje,4.595454545454545,ilha das flores,regiao autonoma dos acores,13.3875,20.6,,
4802,REGIÃO AUTÓNOMA DOS AÇORES,2,REGIÃO AUTÓNOMA DOS AÇORES,20,REGIÃO AUTÓNOMA DOS AÇORES,200,ILHA DAS FLORES,SANTA CRUZ DAS FLORES,7091.44,70.91,52,914,0,santa cruz das flores,regiao autonoma dos acores,ilha das flores,4802,santa cruz das flores ilha das flores,sant,4.595454545454545,ilha das flores,regiao autonoma dos acores,14.62,29.6,150000.0,1.0
4901,REGIÃO AUTÓNOMA DOS AÇORES,2,REGIÃO AUTÓNOMA DOS AÇORES,20,REGIÃO AUTÓNOMA DOS AÇORES,200,ILHA DO CORVO,CORVO,1711.45,17.11,21,718,0,corvo,regiao autonoma dos acores,ilha do corvo,4901,corvo ilha do corvo,corv,4.595454545454545,ilha do corvo,regiao autonoma dos acores,12.0,25.4,,
